0 verbose cli /usr/local/bin/node /usr/local/bin/npm
1 info using npm@10.8.1
2 info using node@v20.13.1
3 silly config load:file:/usr/local/lib/node_modules/npm/npmrc
4 silly config load:file:/Users/macbook/Library/Caches/typescript/5.9/.npmrc
5 silly config load:file:/Users/macbook/.npmrc
6 silly config load:file:/usr/local/etc/npmrc
7 verbose title npm install @types/pkgjs__parseargs@ts5.9 @types/accepts@ts5.9 @types/balanced-match@ts5.9 @types/base64id@ts5.9 @types/bindings@ts5.9 @types/body-parser@ts5.9 @types/brace-expansion@ts5.9 @types/braces@ts5.9 @types/bytes@ts5.9 @types/camelcase-css@ts5.9 @types/chownr@ts5.9 @types/color-convert@ts5.9 @types/color-name@ts5.9 @types/concat-map@ts5.9 @types/content-disposition@ts5.9 @types/content-type@ts5.9 @types/cookie-signature@ts5.9 @types/cross-spawn@ts5.9 @types/cssesc@ts5.9 @types/debug@ts5.9 @types/deep-extend@ts5.9 @types/depd@ts5.9 @types/destroy@ts5.9 @types/didyoumean@ts5.9 @types/dlv@ts5.9 @types/ee-first@ts5.9 @types/encodeurl@ts5.9 @types/end-of-stream@ts5.9 @types/escape-html@ts5.9 @types/etag@ts5.9 @types/fill-range@ts5.9 @types/finalhandler@ts5.9 @types/forwarded@ts5.9 @types/fresh@ts5.9 @types/function-bind@ts5.9 @types/get-intrinsic@ts5.9 @types/github-from-package@ts5.9 @types/glob-parent@ts5.9 @types/gopd@ts5.9 @types/http-errors@ts5.9 @types/ignore-by-default@ts5.9 @types/inherits@ts5.9 @types/ini@ts5.9 @types/is-core-module@ts5.9 @types/is-extglob@ts5.9 @types/is-glob@ts5.9 @types/is-number@ts5.9 @types/isexe@ts5.9 @types/jwa@ts5.9 @types/jws@ts5.9 @types/lodash.includes@ts5.9 @types/lodash.isboolean@ts5.9 @types/lodash.isinteger@ts5.9 @types/lodash.isnumber@ts5.9 @types/lodash.isplainobject@ts5.9 @types/lodash.isstring@ts5.9 @types/lodash.once@ts5.9 @types/media-typer@ts5.9 @types/merge-descriptors@ts5.9 @types/merge2@ts5.9 @types/methods@ts5.9 @types/micromatch@ts5.9 @types/mime-db@ts5.9 @types/mime-types@ts5.9 @types/minimist@ts5.9 @types/ms@ts5.9 @types/mz@ts5.9 @types/negotiator@ts5.9 @types/node-abi@ts5.9 @types/normalize-path@ts5.9 @types/object-assign@ts5.9 @types/object-hash@ts5.9 @types/object-inspect@ts5.9 @types/on-finished@ts5.9 @types/once@ts5.9 @types/parseurl@ts5.9 @types/path-parse@ts5.9 @types/picomatch@ts5.9 @types/postcss-import@ts5.9 @types/postcss-js@ts5.9 @types/proxy-addr@ts5.9 @types/pump@ts5.9 @types/qs@ts5.9 @types/range-parser@ts5.9 @types/rc@ts5.9 @types/readable-stream@ts5.9 @types/resolve@ts5.9 @types/run-parallel@ts5.9 @types/safer-buffer@ts5.9 @types/semver@ts5.9 @types/send@ts5.9 @types/serve-static@ts5.9 @types/shebang-command@ts5.9 @types/simple-get@ts5.9 @types/statuses@ts5.9 @types/tar-fs@ts5.9 @types/tar-stream@ts5.9 @types/to-regex-range@ts5.9 @types/toidentifier@ts5.9 @types/touch@ts5.9 @types/type-is@ts5.9 @types/util-deprecate@ts5.9 @types/utils-merge@ts5.9 @types/vary@ts5.9 @types/which@ts5.9 @types/ws@ts5.9
8 verbose argv "install" "--ignore-scripts" "@types/pkgjs__parseargs@ts5.9" "@types/accepts@ts5.9" "@types/balanced-match@ts5.9" "@types/base64id@ts5.9" "@types/bindings@ts5.9" "@types/body-parser@ts5.9" "@types/brace-expansion@ts5.9" "@types/braces@ts5.9" "@types/bytes@ts5.9" "@types/camelcase-css@ts5.9" "@types/chownr@ts5.9" "@types/color-convert@ts5.9" "@types/color-name@ts5.9" "@types/concat-map@ts5.9" "@types/content-disposition@ts5.9" "@types/content-type@ts5.9" "@types/cookie-signature@ts5.9" "@types/cross-spawn@ts5.9" "@types/cssesc@ts5.9" "@types/debug@ts5.9" "@types/deep-extend@ts5.9" "@types/depd@ts5.9" "@types/destroy@ts5.9" "@types/didyoumean@ts5.9" "@types/dlv@ts5.9" "@types/ee-first@ts5.9" "@types/encodeurl@ts5.9" "@types/end-of-stream@ts5.9" "@types/escape-html@ts5.9" "@types/etag@ts5.9" "@types/fill-range@ts5.9" "@types/finalhandler@ts5.9" "@types/forwarded@ts5.9" "@types/fresh@ts5.9" "@types/function-bind@ts5.9" "@types/get-intrinsic@ts5.9" "@types/github-from-package@ts5.9" "@types/glob-parent@ts5.9" "@types/gopd@ts5.9" "@types/http-errors@ts5.9" "@types/ignore-by-default@ts5.9" "@types/inherits@ts5.9" "@types/ini@ts5.9" "@types/is-core-module@ts5.9" "@types/is-extglob@ts5.9" "@types/is-glob@ts5.9" "@types/is-number@ts5.9" "@types/isexe@ts5.9" "@types/jwa@ts5.9" "@types/jws@ts5.9" "@types/lodash.includes@ts5.9" "@types/lodash.isboolean@ts5.9" "@types/lodash.isinteger@ts5.9" "@types/lodash.isnumber@ts5.9" "@types/lodash.isplainobject@ts5.9" "@types/lodash.isstring@ts5.9" "@types/lodash.once@ts5.9" "@types/media-typer@ts5.9" "@types/merge-descriptors@ts5.9" "@types/merge2@ts5.9" "@types/methods@ts5.9" "@types/micromatch@ts5.9" "@types/mime-db@ts5.9" "@types/mime-types@ts5.9" "@types/minimist@ts5.9" "@types/ms@ts5.9" "@types/mz@ts5.9" "@types/negotiator@ts5.9" "@types/node-abi@ts5.9" "@types/normalize-path@ts5.9" "@types/object-assign@ts5.9" "@types/object-hash@ts5.9" "@types/object-inspect@ts5.9" "@types/on-finished@ts5.9" "@types/once@ts5.9" "@types/parseurl@ts5.9" "@types/path-parse@ts5.9" "@types/picomatch@ts5.9" "@types/postcss-import@ts5.9" "@types/postcss-js@ts5.9" "@types/proxy-addr@ts5.9" "@types/pump@ts5.9" "@types/qs@ts5.9" "@types/range-parser@ts5.9" "@types/rc@ts5.9" "@types/readable-stream@ts5.9" "@types/resolve@ts5.9" "@types/run-parallel@ts5.9" "@types/safer-buffer@ts5.9" "@types/semver@ts5.9" "@types/send@ts5.9" "@types/serve-static@ts5.9" "@types/shebang-command@ts5.9" "@types/simple-get@ts5.9" "@types/statuses@ts5.9" "@types/tar-fs@ts5.9" "@types/tar-stream@ts5.9" "@types/to-regex-range@ts5.9" "@types/toidentifier@ts5.9" "@types/touch@ts5.9" "@types/type-is@ts5.9" "@types/util-deprecate@ts5.9" "@types/utils-merge@ts5.9" "@types/vary@ts5.9" "@types/which@ts5.9" "@types/ws@ts5.9" "--save-dev" "--user-agent" "typesInstaller/5.9.2"
9 verbose logfile logs-max:10 dir:/Users/macbook/Music/grocery-app-main/.npm-cache/_logs/2025-09-23T07_44_39_136Z-
10 verbose logfile /Users/macbook/Music/grocery-app-main/.npm-cache/_logs/2025-09-23T07_44_39_136Z-debug-0.log
11 silly packumentCache heap:4345298944 maxSize:1086324736 maxEntrySize:543162368
12 silly logfile start cleaning logs, removing 1 files
13 silly logfile done cleaning log files
14 silly packumentCache corgi:https://registry.npmjs.org/@types%2fpkgjs__parseargs cache-miss
15 silly packumentCache corgi:https://registry.npmjs.org/@types%2faccepts cache-miss
16 silly packumentCache corgi:https://registry.npmjs.org/@types%2fbalanced-match cache-miss
17 silly packumentCache corgi:https://registry.npmjs.org/@types%2fbase64id cache-miss
18 silly packumentCache corgi:https://registry.npmjs.org/@types%2fbindings cache-miss
19 silly packumentCache corgi:https://registry.npmjs.org/@types%2fbody-parser cache-miss
20 silly packumentCache corgi:https://registry.npmjs.org/@types%2fbrace-expansion cache-miss
21 silly packumentCache corgi:https://registry.npmjs.org/@types%2fbraces cache-miss
22 silly packumentCache corgi:https://registry.npmjs.org/@types%2fbytes cache-miss
23 silly packumentCache corgi:https://registry.npmjs.org/@types%2fcamelcase-css cache-miss
24 silly packumentCache corgi:https://registry.npmjs.org/@types%2fchownr cache-miss
25 silly packumentCache corgi:https://registry.npmjs.org/@types%2fcolor-convert cache-miss
26 silly packumentCache corgi:https://registry.npmjs.org/@types%2fcolor-name cache-miss
27 silly packumentCache corgi:https://registry.npmjs.org/@types%2fconcat-map cache-miss
28 silly packumentCache corgi:https://registry.npmjs.org/@types%2fcontent-disposition cache-miss
29 silly packumentCache corgi:https://registry.npmjs.org/@types%2fcontent-type cache-miss
30 silly packumentCache corgi:https://registry.npmjs.org/@types%2fcookie-signature cache-miss
31 silly packumentCache corgi:https://registry.npmjs.org/@types%2fcross-spawn cache-miss
32 silly packumentCache corgi:https://registry.npmjs.org/@types%2fcssesc cache-miss
33 silly packumentCache corgi:https://registry.npmjs.org/@types%2fdebug cache-miss
34 silly packumentCache corgi:https://registry.npmjs.org/@types%2fdeep-extend cache-miss
35 silly packumentCache corgi:https://registry.npmjs.org/@types%2fdepd cache-miss
36 silly packumentCache corgi:https://registry.npmjs.org/@types%2fdestroy cache-miss
37 silly packumentCache corgi:https://registry.npmjs.org/@types%2fdidyoumean cache-miss
38 silly packumentCache corgi:https://registry.npmjs.org/@types%2fdlv cache-miss
39 silly packumentCache corgi:https://registry.npmjs.org/@types%2fee-first cache-miss
40 silly packumentCache corgi:https://registry.npmjs.org/@types%2fencodeurl cache-miss
41 silly packumentCache corgi:https://registry.npmjs.org/@types%2fend-of-stream cache-miss
42 silly packumentCache corgi:https://registry.npmjs.org/@types%2fescape-html cache-miss
43 silly packumentCache corgi:https://registry.npmjs.org/@types%2fetag cache-miss
44 silly packumentCache corgi:https://registry.npmjs.org/@types%2ffill-range cache-miss
45 silly packumentCache corgi:https://registry.npmjs.org/@types%2ffinalhandler cache-miss
46 silly packumentCache corgi:https://registry.npmjs.org/@types%2fforwarded cache-miss
47 silly packumentCache corgi:https://registry.npmjs.org/@types%2ffresh cache-miss
48 silly packumentCache corgi:https://registry.npmjs.org/@types%2ffunction-bind cache-miss
49 silly packumentCache corgi:https://registry.npmjs.org/@types%2fget-intrinsic cache-miss
50 silly packumentCache corgi:https://registry.npmjs.org/@types%2fgithub-from-package cache-miss
51 silly packumentCache corgi:https://registry.npmjs.org/@types%2fglob-parent cache-miss
52 silly packumentCache corgi:https://registry.npmjs.org/@types%2fgopd cache-miss
53 silly packumentCache corgi:https://registry.npmjs.org/@types%2fhttp-errors cache-miss
54 silly packumentCache corgi:https://registry.npmjs.org/@types%2fignore-by-default cache-miss
55 silly packumentCache corgi:https://registry.npmjs.org/@types%2finherits cache-miss
56 silly packumentCache corgi:https://registry.npmjs.org/@types%2fini cache-miss
57 silly packumentCache corgi:https://registry.npmjs.org/@types%2fis-core-module cache-miss
58 silly packumentCache corgi:https://registry.npmjs.org/@types%2fis-extglob cache-miss
59 silly packumentCache corgi:https://registry.npmjs.org/@types%2fis-glob cache-miss
60 silly packumentCache corgi:https://registry.npmjs.org/@types%2fis-number cache-miss
61 silly packumentCache corgi:https://registry.npmjs.org/@types%2fisexe cache-miss
62 silly packumentCache corgi:https://registry.npmjs.org/@types%2fjwa cache-miss
63 silly packumentCache corgi:https://registry.npmjs.org/@types%2fjws cache-miss
64 silly packumentCache corgi:https://registry.npmjs.org/@types%2flodash.includes cache-miss
65 silly packumentCache corgi:https://registry.npmjs.org/@types%2flodash.isboolean cache-miss
66 silly packumentCache corgi:https://registry.npmjs.org/@types%2flodash.isinteger cache-miss
67 silly packumentCache corgi:https://registry.npmjs.org/@types%2flodash.isnumber cache-miss
68 silly packumentCache corgi:https://registry.npmjs.org/@types%2flodash.isplainobject cache-miss
69 silly packumentCache corgi:https://registry.npmjs.org/@types%2flodash.isstring cache-miss
70 silly packumentCache corgi:https://registry.npmjs.org/@types%2flodash.once cache-miss
71 silly packumentCache corgi:https://registry.npmjs.org/@types%2fmedia-typer cache-miss
72 silly packumentCache corgi:https://registry.npmjs.org/@types%2fmerge-descriptors cache-miss
73 silly packumentCache corgi:https://registry.npmjs.org/@types%2fmerge2 cache-miss
74 silly packumentCache corgi:https://registry.npmjs.org/@types%2fmethods cache-miss
75 silly packumentCache corgi:https://registry.npmjs.org/@types%2fmicromatch cache-miss
76 silly packumentCache corgi:https://registry.npmjs.org/@types%2fmime-db cache-miss
77 silly packumentCache corgi:https://registry.npmjs.org/@types%2fmime-types cache-miss
78 silly packumentCache corgi:https://registry.npmjs.org/@types%2fminimist cache-miss
79 silly packumentCache corgi:https://registry.npmjs.org/@types%2fms cache-miss
80 silly packumentCache corgi:https://registry.npmjs.org/@types%2fmz cache-miss
81 silly packumentCache corgi:https://registry.npmjs.org/@types%2fnegotiator cache-miss
82 silly packumentCache corgi:https://registry.npmjs.org/@types%2fnode-abi cache-miss
83 silly packumentCache corgi:https://registry.npmjs.org/@types%2fnormalize-path cache-miss
84 silly packumentCache corgi:https://registry.npmjs.org/@types%2fobject-assign cache-miss
85 silly packumentCache corgi:https://registry.npmjs.org/@types%2fobject-hash cache-miss
86 silly packumentCache corgi:https://registry.npmjs.org/@types%2fobject-inspect cache-miss
87 silly packumentCache corgi:https://registry.npmjs.org/@types%2fon-finished cache-miss
88 silly packumentCache corgi:https://registry.npmjs.org/@types%2fonce cache-miss
89 silly packumentCache corgi:https://registry.npmjs.org/@types%2fparseurl cache-miss
90 silly packumentCache corgi:https://registry.npmjs.org/@types%2fpath-parse cache-miss
91 silly packumentCache corgi:https://registry.npmjs.org/@types%2fpicomatch cache-miss
92 silly packumentCache corgi:https://registry.npmjs.org/@types%2fpostcss-import cache-miss
93 silly packumentCache corgi:https://registry.npmjs.org/@types%2fpostcss-js cache-miss
94 silly packumentCache corgi:https://registry.npmjs.org/@types%2fproxy-addr cache-miss
95 silly packumentCache corgi:https://registry.npmjs.org/@types%2fpump cache-miss
96 silly packumentCache corgi:https://registry.npmjs.org/@types%2fqs cache-miss
97 silly packumentCache corgi:https://registry.npmjs.org/@types%2frange-parser cache-miss
98 silly packumentCache corgi:https://registry.npmjs.org/@types%2frc cache-miss
99 silly packumentCache corgi:https://registry.npmjs.org/@types%2freadable-stream cache-miss
100 silly packumentCache corgi:https://registry.npmjs.org/@types%2fresolve cache-miss
101 silly packumentCache corgi:https://registry.npmjs.org/@types%2frun-parallel cache-miss
102 silly packumentCache corgi:https://registry.npmjs.org/@types%2fsafer-buffer cache-miss
103 silly packumentCache corgi:https://registry.npmjs.org/@types%2fsemver cache-miss
104 silly packumentCache corgi:https://registry.npmjs.org/@types%2fsend cache-miss
105 silly packumentCache corgi:https://registry.npmjs.org/@types%2fserve-static cache-miss
106 silly packumentCache corgi:https://registry.npmjs.org/@types%2fshebang-command cache-miss
107 silly packumentCache corgi:https://registry.npmjs.org/@types%2fsimple-get cache-miss
108 silly packumentCache corgi:https://registry.npmjs.org/@types%2fstatuses cache-miss
109 silly packumentCache corgi:https://registry.npmjs.org/@types%2ftar-fs cache-miss
110 silly packumentCache corgi:https://registry.npmjs.org/@types%2ftar-stream cache-miss
111 silly packumentCache corgi:https://registry.npmjs.org/@types%2fto-regex-range cache-miss
112 silly packumentCache corgi:https://registry.npmjs.org/@types%2ftoidentifier cache-miss
113 silly packumentCache corgi:https://registry.npmjs.org/@types%2ftouch cache-miss
114 silly packumentCache corgi:https://registry.npmjs.org/@types%2ftype-is cache-miss
115 silly packumentCache corgi:https://registry.npmjs.org/@types%2futil-deprecate cache-miss
116 silly packumentCache corgi:https://registry.npmjs.org/@types%2futils-merge cache-miss
117 silly packumentCache corgi:https://registry.npmjs.org/@types%2fvary cache-miss
118 silly packumentCache corgi:https://registry.npmjs.org/@types%2fwhich cache-miss
119 silly packumentCache corgi:https://registry.npmjs.org/@types%2fws cache-miss
120 http fetch GET 200 https://registry.npmjs.org/@types%2fbindings 506ms (cache miss)
121 silly packumentCache corgi:https://registry.npmjs.org/@types%2fbindings set size:undefined disposed:false
122 http fetch GET 200 https://registry.npmjs.org/@types%2fcolor-name 514ms (cache miss)
123 silly packumentCache corgi:https://registry.npmjs.org/@types%2fcolor-name set size:undefined disposed:false
124 http fetch GET 200 https://registry.npmjs.org/@types%2fbytes 531ms (cache miss)
125 silly packumentCache corgi:https://registry.npmjs.org/@types%2fbytes set size:undefined disposed:false
126 http fetch GET 200 https://registry.npmjs.org/@types%2faccepts 536ms (cache miss)
127 silly packumentCache corgi:https://registry.npmjs.org/@types%2faccepts set size:undefined disposed:false
128 http fetch GET 200 https://registry.npmjs.org/@types%2fcontent-type 533ms (cache miss)
129 silly packumentCache corgi:https://registry.npmjs.org/@types%2fcontent-type set size:undefined disposed:false
130 http fetch GET 200 https://registry.npmjs.org/@types%2fbraces 540ms (cache miss)
131 silly packumentCache corgi:https://registry.npmjs.org/@types%2fbraces set size:undefined disposed:false
132 http fetch GET 200 https://registry.npmjs.org/@types%2fcolor-convert 543ms (cache miss)
133 silly packumentCache corgi:https://registry.npmjs.org/@types%2fcolor-convert set size:undefined disposed:false
134 http fetch GET 200 https://registry.npmjs.org/@types%2fcontent-disposition 543ms (cache miss)
135 silly packumentCache corgi:https://registry.npmjs.org/@types%2fcontent-disposition set size:undefined disposed:false
136 http fetch GET 200 https://registry.npmjs.org/@types%2fbrace-expansion 548ms (cache miss)
137 silly packumentCache corgi:https://registry.npmjs.org/@types%2fbrace-expansion set size:undefined disposed:false
138 http fetch GET 200 https://registry.npmjs.org/@types%2fdebug 553ms (cache miss)
139 silly packumentCache corgi:https://registry.npmjs.org/@types%2fdebug set size:undefined disposed:false
140 http fetch GET 200 https://registry.npmjs.org/@types%2fcross-spawn 595ms (cache miss)
141 silly packumentCache corgi:https://registry.npmjs.org/@types%2fcross-spawn set size:undefined disposed:false
142 http fetch GET 200 https://registry.npmjs.org/@types%2fcssesc 605ms (cache miss)
143 silly packumentCache corgi:https://registry.npmjs.org/@types%2fcssesc set size:undefined disposed:false
144 http fetch GET 200 https://registry.npmjs.org/@types%2fdepd 619ms (cache miss)
145 silly packumentCache corgi:https://registry.npmjs.org/@types%2fdepd set size:undefined disposed:false
146 http fetch GET 200 https://registry.npmjs.org/@types%2fdlv 634ms (cache miss)
147 silly packumentCache corgi:https://registry.npmjs.org/@types%2fdlv set size:undefined disposed:false
148 http fetch GET 200 https://registry.npmjs.org/@types%2fee-first 648ms (cache miss)
149 silly packumentCache corgi:https://registry.npmjs.org/@types%2fee-first set size:undefined disposed:false
150 http fetch GET 200 https://registry.npmjs.org/@types%2fetag 755ms (cache miss)
151 silly packumentCache corgi:https://registry.npmjs.org/@types%2fetag set size:undefined disposed:false
152 http fetch GET 200 https://registry.npmjs.org/@types%2fescape-html 757ms (cache miss)
153 silly packumentCache corgi:https://registry.npmjs.org/@types%2fescape-html set size:undefined disposed:false
154 http fetch GET 200 https://registry.npmjs.org/@types%2fcookie-signature 796ms (cache miss)
155 silly packumentCache corgi:https://registry.npmjs.org/@types%2fcookie-signature set size:undefined disposed:false
156 http fetch GET 200 https://registry.npmjs.org/@types%2fbalanced-match 878ms (cache miss)
157 silly packumentCache corgi:https://registry.npmjs.org/@types%2fbalanced-match set size:undefined disposed:false
158 http fetch GET 200 https://registry.npmjs.org/@types%2ffresh 882ms (cache miss)
159 silly packumentCache corgi:https://registry.npmjs.org/@types%2ffresh set size:undefined disposed:false
160 http fetch GET 200 https://registry.npmjs.org/@types%2fencodeurl 891ms (cache miss)
161 silly packumentCache corgi:https://registry.npmjs.org/@types%2fencodeurl set size:undefined disposed:false
162 http fetch GET 200 https://registry.npmjs.org/@types%2fbase64id 974ms (cache miss)
163 silly packumentCache corgi:https://registry.npmjs.org/@types%2fbase64id set size:undefined disposed:false
164 http fetch GET 200 https://registry.npmjs.org/@types%2fchownr 1009ms (cache miss)
165 silly packumentCache corgi:https://registry.npmjs.org/@types%2fchownr set size:undefined disposed:false
166 http fetch GET 200 https://registry.npmjs.org/@types%2fglob-parent 1040ms (cache miss)
167 silly packumentCache corgi:https://registry.npmjs.org/@types%2fglob-parent set size:undefined disposed:false
168 http fetch GET 200 https://registry.npmjs.org/@types%2fcamelcase-css 1074ms (cache miss)
169 silly packumentCache corgi:https://registry.npmjs.org/@types%2fcamelcase-css set size:undefined disposed:false
170 http fetch GET 200 https://registry.npmjs.org/@types%2fconcat-map 1075ms (cache miss)
171 silly packumentCache corgi:https://registry.npmjs.org/@types%2fconcat-map set size:undefined disposed:false
172 http fetch GET 200 https://registry.npmjs.org/@types%2fdeep-extend 1074ms (cache miss)
173 silly packumentCache corgi:https://registry.npmjs.org/@types%2fdeep-extend set size:undefined disposed:false
174 http fetch GET 200 https://registry.npmjs.org/@types%2fpkgjs__parseargs 1097ms (cache miss)
175 silly packumentCache corgi:https://registry.npmjs.org/@types%2fpkgjs__parseargs set size:undefined disposed:false
176 http fetch GET 200 https://registry.npmjs.org/@types%2fdestroy 1117ms (cache miss)
177 silly packumentCache corgi:https://registry.npmjs.org/@types%2fdestroy set size:undefined disposed:false
178 http fetch GET 200 https://registry.npmjs.org/@types%2finherits 1114ms (cache miss)
179 silly packumentCache corgi:https://registry.npmjs.org/@types%2finherits set size:undefined disposed:false
180 http fetch GET 200 https://registry.npmjs.org/@types%2fis-core-module 1153ms (cache miss)
181 silly packumentCache corgi:https://registry.npmjs.org/@types%2fis-core-module set size:undefined disposed:false
182 http fetch GET 200 https://registry.npmjs.org/@types%2fforwarded 1184ms (cache miss)
183 silly packumentCache corgi:https://registry.npmjs.org/@types%2fforwarded set size:undefined disposed:false
184 http fetch GET 200 https://registry.npmjs.org/@types%2fis-extglob 1172ms (cache miss)
185 silly packumentCache corgi:https://registry.npmjs.org/@types%2fis-extglob set size:undefined disposed:false
186 http fetch GET 200 https://registry.npmjs.org/@types%2ffill-range 1199ms (cache miss)
187 silly packumentCache corgi:https://registry.npmjs.org/@types%2ffill-range set size:undefined disposed:false
188 http fetch GET 200 https://registry.npmjs.org/@types%2fdidyoumean 1205ms (cache miss)
189 silly packumentCache corgi:https://registry.npmjs.org/@types%2fdidyoumean set size:undefined disposed:false
190 http fetch GET 200 https://registry.npmjs.org/@types%2fis-glob 1200ms (cache miss)
191 silly packumentCache corgi:https://registry.npmjs.org/@types%2fis-glob set size:undefined disposed:false
192 http fetch GET 200 https://registry.npmjs.org/@types%2fend-of-stream 1251ms (cache miss)
193 silly packumentCache corgi:https://registry.npmjs.org/@types%2fend-of-stream set size:undefined disposed:false
194 http fetch GET 200 https://registry.npmjs.org/@types%2fjwa 1258ms (cache miss)
195 silly packumentCache corgi:https://registry.npmjs.org/@types%2fjwa set size:undefined disposed:false
196 http fetch GET 200 https://registry.npmjs.org/@types%2flodash.isboolean 1278ms (cache miss)
197 silly packumentCache corgi:https://registry.npmjs.org/@types%2flodash.isboolean set size:undefined disposed:false
198 http fetch GET 200 https://registry.npmjs.org/@types%2ffinalhandler 1297ms (cache miss)
199 silly packumentCache corgi:https://registry.npmjs.org/@types%2ffinalhandler set size:undefined disposed:false
200 http fetch GET 200 https://registry.npmjs.org/@types%2flodash.isinteger 1282ms (cache miss)
201 silly packumentCache corgi:https://registry.npmjs.org/@types%2flodash.isinteger set size:undefined disposed:false
202 http fetch GET 200 https://registry.npmjs.org/@types%2fjws 1296ms (cache miss)
203 silly packumentCache corgi:https://registry.npmjs.org/@types%2fjws set size:undefined disposed:false
204 http fetch GET 200 https://registry.npmjs.org/@types%2flodash.includes 1297ms (cache miss)
205 silly packumentCache corgi:https://registry.npmjs.org/@types%2flodash.includes set size:undefined disposed:false
206 http fetch GET 200 https://registry.npmjs.org/@types%2flodash.isnumber 1329ms (cache miss)
207 silly packumentCache corgi:https://registry.npmjs.org/@types%2flodash.isnumber set size:undefined disposed:false
208 http fetch GET 200 https://registry.npmjs.org/@types%2fget-intrinsic 1366ms (cache miss)
209 silly packumentCache corgi:https://registry.npmjs.org/@types%2fget-intrinsic set size:undefined disposed:false
210 http fetch GET 200 https://registry.npmjs.org/@types%2flodash.once 1348ms (cache miss)
211 silly packumentCache corgi:https://registry.npmjs.org/@types%2flodash.once set size:undefined disposed:false
212 http fetch GET 200 https://registry.npmjs.org/@types%2flodash.isplainobject 1351ms (cache miss)
213 silly packumentCache corgi:https://registry.npmjs.org/@types%2flodash.isplainobject set size:undefined disposed:false
214 http fetch GET 200 https://registry.npmjs.org/@types%2fmerge-descriptors 1386ms (cache miss)
215 silly packumentCache corgi:https://registry.npmjs.org/@types%2fmerge-descriptors set size:undefined disposed:false
216 http fetch GET 200 https://registry.npmjs.org/@types%2fmime-types 1394ms (cache miss)
217 silly packumentCache corgi:https://registry.npmjs.org/@types%2fmime-types set size:undefined disposed:false
218 http fetch GET 200 https://registry.npmjs.org/@types%2fmerge2 1398ms (cache miss)
219 silly packumentCache corgi:https://registry.npmjs.org/@types%2fmerge2 set size:undefined disposed:false
220 http fetch GET 200 https://registry.npmjs.org/@types%2fmethods 1407ms (cache miss)
221 silly packumentCache corgi:https://registry.npmjs.org/@types%2fmethods set size:undefined disposed:false
222 http fetch GET 200 https://registry.npmjs.org/@types%2ffunction-bind 1434ms (cache miss)
223 silly packumentCache corgi:https://registry.npmjs.org/@types%2ffunction-bind set size:undefined disposed:false
224 http fetch GET 200 https://registry.npmjs.org/@types%2fmime-db 1426ms (cache miss)
225 silly packumentCache corgi:https://registry.npmjs.org/@types%2fmime-db set size:undefined disposed:false
226 http fetch GET 200 https://registry.npmjs.org/@types%2fminimist 1431ms (cache miss)
227 silly packumentCache corgi:https://registry.npmjs.org/@types%2fminimist set size:undefined disposed:false
228 http fetch GET 200 https://registry.npmjs.org/@types%2fmicromatch 1437ms (cache miss)
229 silly packumentCache corgi:https://registry.npmjs.org/@types%2fmicromatch set size:undefined disposed:false
230 http fetch GET 200 https://registry.npmjs.org/@types%2fobject-hash 1464ms (cache miss)
231 silly packumentCache corgi:https://registry.npmjs.org/@types%2fobject-hash set size:undefined disposed:false
232 http fetch GET 200 https://registry.npmjs.org/@types%2fobject-inspect 1478ms (cache miss)
233 silly packumentCache corgi:https://registry.npmjs.org/@types%2fobject-inspect set size:undefined disposed:false
234 http fetch GET 200 https://registry.npmjs.org/@types%2fmz 1487ms (cache miss)
235 silly packumentCache corgi:https://registry.npmjs.org/@types%2fmz set size:undefined disposed:false
236 http fetch GET 200 https://registry.npmjs.org/@types%2fnegotiator 1488ms (cache miss)
237 silly packumentCache corgi:https://registry.npmjs.org/@types%2fnegotiator set size:undefined disposed:false
238 http fetch GET 200 https://registry.npmjs.org/@types%2fgithub-from-package 1523ms (cache miss)
239 silly packumentCache corgi:https://registry.npmjs.org/@types%2fgithub-from-package set size:undefined disposed:false
240 http fetch GET 200 https://registry.npmjs.org/@types%2fgopd 1551ms (cache miss)
241 silly packumentCache corgi:https://registry.npmjs.org/@types%2fgopd set size:undefined disposed:false
242 http fetch GET 200 https://registry.npmjs.org/@types%2fobject-assign 1523ms (cache miss)
243 silly packumentCache corgi:https://registry.npmjs.org/@types%2fobject-assign set size:undefined disposed:false
244 http fetch GET 200 https://registry.npmjs.org/@types%2fignore-by-default 1560ms (cache miss)
245 silly packumentCache corgi:https://registry.npmjs.org/@types%2fignore-by-default set size:undefined disposed:false
246 http fetch GET 200 https://registry.npmjs.org/@types%2fparseurl 1536ms (cache miss)
247 silly packumentCache corgi:https://registry.npmjs.org/@types%2fparseurl set size:undefined disposed:false
248 http fetch GET 200 https://registry.npmjs.org/@types%2fon-finished 1576ms (cache miss)
249 silly packumentCache corgi:https://registry.npmjs.org/@types%2fon-finished set size:undefined disposed:false
250 http fetch GET 200 https://registry.npmjs.org/@types%2fis-number 1634ms (cache miss)
251 silly packumentCache corgi:https://registry.npmjs.org/@types%2fis-number set size:undefined disposed:false
252 http fetch GET 200 https://registry.npmjs.org/@types%2fpostcss-import 1616ms (cache miss)
253 silly packumentCache corgi:https://registry.npmjs.org/@types%2fpostcss-import set size:undefined disposed:false
254 http fetch GET 200 https://registry.npmjs.org/@types%2fini 1656ms (cache miss)
255 silly packumentCache corgi:https://registry.npmjs.org/@types%2fini set size:undefined disposed:false
256 http fetch GET 200 https://registry.npmjs.org/@types%2fpostcss-js 1633ms (cache miss)
257 silly packumentCache corgi:https://registry.npmjs.org/@types%2fpostcss-js set size:undefined disposed:false
258 http fetch GET 200 https://registry.npmjs.org/@types%2fproxy-addr 1637ms (cache miss)
259 silly packumentCache corgi:https://registry.npmjs.org/@types%2fproxy-addr set size:undefined disposed:false
260 http fetch GET 200 https://registry.npmjs.org/@types%2fresolve 1668ms (cache miss)
261 silly packumentCache corgi:https://registry.npmjs.org/@types%2fresolve set size:undefined disposed:false
262 http fetch GET 200 https://registry.npmjs.org/@types%2fnormalize-path 1681ms (cache miss)
263 silly packumentCache corgi:https://registry.npmjs.org/@types%2fnormalize-path set size:undefined disposed:false
264 http fetch GET 200 https://registry.npmjs.org/@types%2fsemver 1741ms (cache miss)
265 silly packumentCache corgi:https://registry.npmjs.org/@types%2fsemver set size:undefined disposed:false
266 http fetch GET 200 https://registry.npmjs.org/@types%2fstatuses 1738ms (cache miss)
267 silly packumentCache corgi:https://registry.npmjs.org/@types%2fstatuses set size:undefined disposed:false
268 http fetch GET 200 https://registry.npmjs.org/@types%2fsafer-buffer 1747ms (cache miss)
269 silly packumentCache corgi:https://registry.npmjs.org/@types%2fsafer-buffer set size:undefined disposed:false
270 http fetch GET 200 https://registry.npmjs.org/@types%2freadable-stream 1751ms (cache miss)
271 silly packumentCache corgi:https://registry.npmjs.org/@types%2freadable-stream set size:undefined disposed:false
272 http fetch GET 200 https://registry.npmjs.org/@types%2flodash.isstring 1776ms (cache miss)
273 silly packumentCache corgi:https://registry.npmjs.org/@types%2flodash.isstring set size:undefined disposed:false
274 http fetch GET 200 https://registry.npmjs.org/@types%2fpicomatch 1776ms (cache miss)
275 silly packumentCache corgi:https://registry.npmjs.org/@types%2fpicomatch set size:undefined disposed:false
276 http fetch GET 200 https://registry.npmjs.org/@types%2fisexe 1804ms (cache miss)
277 silly packumentCache corgi:https://registry.npmjs.org/@types%2fisexe set size:undefined disposed:false
278 http fetch GET 200 https://registry.npmjs.org/@types%2fonce 1792ms (cache miss)
279 silly packumentCache corgi:https://registry.npmjs.org/@types%2fonce set size:undefined disposed:false
280 http fetch GET 200 https://registry.npmjs.org/@types%2ftar-fs 1813ms (cache miss)
281 silly packumentCache corgi:https://registry.npmjs.org/@types%2ftar-fs set size:undefined disposed:false
282 http fetch GET 200 https://registry.npmjs.org/@types%2fmedia-typer 1855ms (cache miss)
283 silly packumentCache corgi:https://registry.npmjs.org/@types%2fmedia-typer set size:undefined disposed:false
284 http fetch GET 200 https://registry.npmjs.org/@types%2ftouch 1956ms (cache miss)
285 silly packumentCache corgi:https://registry.npmjs.org/@types%2ftouch set size:undefined disposed:false
286 http fetch GET 200 https://registry.npmjs.org/@types%2futil-deprecate 1955ms (cache miss)
287 silly packumentCache corgi:https://registry.npmjs.org/@types%2futil-deprecate set size:undefined disposed:false
288 http fetch GET 200 https://registry.npmjs.org/@types%2fpump 1972ms (cache miss)
289 silly packumentCache corgi:https://registry.npmjs.org/@types%2fpump set size:undefined disposed:false
290 http fetch GET 200 https://registry.npmjs.org/@types%2ftype-is 1958ms (cache miss)
291 silly packumentCache corgi:https://registry.npmjs.org/@types%2ftype-is set size:undefined disposed:false
292 http fetch GET 200 https://registry.npmjs.org/@types%2ftoidentifier 1962ms (cache miss)
293 silly packumentCache corgi:https://registry.npmjs.org/@types%2ftoidentifier set size:undefined disposed:false
294 http fetch GET 200 https://registry.npmjs.org/@types%2fnode-abi 1989ms (cache miss)
295 silly packumentCache corgi:https://registry.npmjs.org/@types%2fnode-abi set size:undefined disposed:false
296 http fetch GET 200 https://registry.npmjs.org/@types%2fhttp-errors 2020ms (cache miss)
297 silly packumentCache corgi:https://registry.npmjs.org/@types%2fhttp-errors set size:undefined disposed:false
298 http fetch GET 200 https://registry.npmjs.org/@types%2futils-merge 1971ms (cache miss)
299 silly packumentCache corgi:https://registry.npmjs.org/@types%2futils-merge set size:undefined disposed:false
300 http fetch GET 200 https://registry.npmjs.org/@types%2fms 1999ms (cache miss)
301 silly packumentCache corgi:https://registry.npmjs.org/@types%2fms set size:undefined disposed:false
302 http fetch GET 200 https://registry.npmjs.org/@types%2fqs 1991ms (cache miss)
303 silly packumentCache corgi:https://registry.npmjs.org/@types%2fqs set size:undefined disposed:false
304 http fetch GET 200 https://registry.npmjs.org/@types%2fwhich 1977ms (cache miss)
305 silly packumentCache corgi:https://registry.npmjs.org/@types%2fwhich set size:undefined disposed:false
306 http fetch GET 200 https://registry.npmjs.org/@types%2fbody-parser 2057ms (cache miss)
307 silly packumentCache corgi:https://registry.npmjs.org/@types%2fbody-parser set size:undefined disposed:false
308 http fetch GET 200 https://registry.npmjs.org/@types%2fws 1985ms (cache miss)
309 silly packumentCache corgi:https://registry.npmjs.org/@types%2fws set size:undefined disposed:false
310 http fetch GET 200 https://registry.npmjs.org/@types%2fsend 2002ms (cache miss)
311 silly packumentCache corgi:https://registry.npmjs.org/@types%2fsend set size:undefined disposed:false
312 http fetch GET 200 https://registry.npmjs.org/@types%2frange-parser 2008ms (cache miss)
313 silly packumentCache corgi:https://registry.npmjs.org/@types%2frange-parser set size:undefined disposed:false
314 http fetch GET 200 https://registry.npmjs.org/@types%2fserve-static 2004ms (cache miss)
315 silly packumentCache corgi:https://registry.npmjs.org/@types%2fserve-static set size:undefined disposed:false
316 http fetch GET 200 https://registry.npmjs.org/@types%2fpath-parse 2128ms (cache miss)
317 silly packumentCache corgi:https://registry.npmjs.org/@types%2fpath-parse set size:undefined disposed:false
318 http fetch GET 200 https://registry.npmjs.org/@types%2frc 2178ms (cache miss)
319 silly packumentCache corgi:https://registry.npmjs.org/@types%2frc set size:undefined disposed:false
320 http fetch GET 200 https://registry.npmjs.org/@types%2frun-parallel 2206ms (cache miss)
321 silly packumentCache corgi:https://registry.npmjs.org/@types%2frun-parallel set size:undefined disposed:false
322 http fetch GET 200 https://registry.npmjs.org/@types%2fto-regex-range 2265ms (cache miss)
323 silly packumentCache corgi:https://registry.npmjs.org/@types%2fto-regex-range set size:undefined disposed:false
324 http fetch GET 200 https://registry.npmjs.org/@types%2fshebang-command 2276ms (cache miss)
325 silly packumentCache corgi:https://registry.npmjs.org/@types%2fshebang-command set size:undefined disposed:false
326 http fetch GET 200 https://registry.npmjs.org/@types%2fsimple-get 2287ms (cache miss)
327 silly packumentCache corgi:https://registry.npmjs.org/@types%2fsimple-get set size:undefined disposed:false
328 http fetch GET 200 https://registry.npmjs.org/@types%2ftar-stream 2344ms (cache miss)
329 silly packumentCache corgi:https://registry.npmjs.org/@types%2ftar-stream set size:undefined disposed:false
330 http fetch GET 200 https://registry.npmjs.org/@types%2fvary 2515ms (cache miss)
331 silly packumentCache corgi:https://registry.npmjs.org/@types%2fvary set size:undefined disposed:false
332 silly idealTree buildDeps
333 silly fetch manifest @types/bindings@1.5.5
334 silly packumentCache full:https://registry.npmjs.org/@types%2fbindings cache-miss
335 http fetch GET 200 https://registry.npmjs.org/@types%2fbindings 527ms (cache miss)
336 silly packumentCache full:https://registry.npmjs.org/@types%2fbindings set size:undefined disposed:false
337 silly fetch manifest @types/color-name@2.0.0
338 silly packumentCache full:https://registry.npmjs.org/@types%2fcolor-name cache-miss
339 http fetch GET 200 https://registry.npmjs.org/@types%2fcolor-name 64ms (cache miss)
340 silly packumentCache full:https://registry.npmjs.org/@types%2fcolor-name set size:undefined disposed:false
341 silly fetch manifest @types/bytes@3.1.5
342 silly packumentCache full:https://registry.npmjs.org/@types%2fbytes cache-miss
343 http fetch GET 200 https://registry.npmjs.org/@types%2fbytes 50ms (cache miss)
344 silly packumentCache full:https://registry.npmjs.org/@types%2fbytes set size:undefined disposed:false
345 silly fetch manifest @types/accepts@1.3.7
346 silly packumentCache full:https://registry.npmjs.org/@types%2faccepts cache-miss
347 http fetch GET 200 https://registry.npmjs.org/@types%2faccepts 42ms (cache miss)
348 silly packumentCache full:https://registry.npmjs.org/@types%2faccepts set size:undefined disposed:false
349 silly fetch manifest @types/content-type@1.1.9
350 silly packumentCache full:https://registry.npmjs.org/@types%2fcontent-type cache-miss
351 http fetch GET 200 https://registry.npmjs.org/@types%2fcontent-type 57ms (cache miss)
352 silly packumentCache full:https://registry.npmjs.org/@types%2fcontent-type set size:undefined disposed:false
353 silly fetch manifest @types/braces@3.0.5
354 silly packumentCache full:https://registry.npmjs.org/@types%2fbraces cache-miss
355 http fetch GET 200 https://registry.npmjs.org/@types%2fbraces 43ms (cache miss)
356 silly packumentCache full:https://registry.npmjs.org/@types%2fbraces set size:undefined disposed:false
357 silly fetch manifest @types/color-convert@2.0.4
358 silly packumentCache full:https://registry.npmjs.org/@types%2fcolor-convert cache-miss
359 http fetch GET 200 https://registry.npmjs.org/@types%2fcolor-convert 48ms (cache miss)
360 silly packumentCache full:https://registry.npmjs.org/@types%2fcolor-convert set size:undefined disposed:false
361 silly fetch manifest @types/content-disposition@0.5.9
362 silly packumentCache full:https://registry.npmjs.org/@types%2fcontent-disposition cache-miss
363 http fetch GET 200 https://registry.npmjs.org/@types%2fcontent-disposition 51ms (cache miss)
364 silly packumentCache full:https://registry.npmjs.org/@types%2fcontent-disposition set size:undefined disposed:false
365 silly fetch manifest @types/brace-expansion@1.1.2
366 silly packumentCache full:https://registry.npmjs.org/@types%2fbrace-expansion cache-miss
367 http fetch GET 200 https://registry.npmjs.org/@types%2fbrace-expansion 46ms (cache miss)
368 silly packumentCache full:https://registry.npmjs.org/@types%2fbrace-expansion set size:undefined disposed:false
369 silly fetch manifest @types/debug@4.1.12
370 silly packumentCache full:https://registry.npmjs.org/@types%2fdebug cache-miss
371 http fetch GET 200 https://registry.npmjs.org/@types%2fdebug 43ms (cache miss)
372 silly packumentCache full:https://registry.npmjs.org/@types%2fdebug set size:undefined disposed:false
373 silly fetch manifest @types/cross-spawn@6.0.6
374 silly packumentCache full:https://registry.npmjs.org/@types%2fcross-spawn cache-miss
375 http fetch GET 200 https://registry.npmjs.org/@types%2fcross-spawn 57ms (cache miss)
376 silly packumentCache full:https://registry.npmjs.org/@types%2fcross-spawn set size:undefined disposed:false
377 silly fetch manifest @types/cssesc@3.0.2
378 silly packumentCache full:https://registry.npmjs.org/@types%2fcssesc cache-miss
379 http fetch GET 200 https://registry.npmjs.org/@types%2fcssesc 104ms (cache miss)
380 silly packumentCache full:https://registry.npmjs.org/@types%2fcssesc set size:undefined disposed:false
381 silly fetch manifest @types/depd@1.1.37
382 silly packumentCache full:https://registry.npmjs.org/@types%2fdepd cache-miss
383 http fetch GET 200 https://registry.npmjs.org/@types%2fdepd 53ms (cache miss)
384 silly packumentCache full:https://registry.npmjs.org/@types%2fdepd set size:undefined disposed:false
385 silly fetch manifest @types/dlv@1.1.5
386 silly packumentCache full:https://registry.npmjs.org/@types%2fdlv cache-miss
387 http fetch GET 200 https://registry.npmjs.org/@types%2fdlv 124ms (cache miss)
388 silly packumentCache full:https://registry.npmjs.org/@types%2fdlv set size:undefined disposed:false
389 silly fetch manifest @types/ee-first@1.1.3
390 silly packumentCache full:https://registry.npmjs.org/@types%2fee-first cache-miss
391 http fetch GET 200 https://registry.npmjs.org/@types%2fee-first 53ms (cache miss)
392 silly packumentCache full:https://registry.npmjs.org/@types%2fee-first set size:undefined disposed:false
393 silly fetch manifest @types/etag@1.8.4
394 silly packumentCache full:https://registry.npmjs.org/@types%2fetag cache-miss
395 http fetch GET 200 https://registry.npmjs.org/@types%2fetag 56ms (cache miss)
396 silly packumentCache full:https://registry.npmjs.org/@types%2fetag set size:undefined disposed:false
397 silly fetch manifest @types/escape-html@1.0.4
398 silly packumentCache full:https://registry.npmjs.org/@types%2fescape-html cache-miss
399 http fetch GET 200 https://registry.npmjs.org/@types%2fescape-html 65ms (cache miss)
400 silly packumentCache full:https://registry.npmjs.org/@types%2fescape-html set size:undefined disposed:false
401 silly fetch manifest @types/cookie-signature@1.1.2
402 silly packumentCache full:https://registry.npmjs.org/@types%2fcookie-signature cache-miss
403 http fetch GET 200 https://registry.npmjs.org/@types%2fcookie-signature 57ms (cache miss)
404 silly packumentCache full:https://registry.npmjs.org/@types%2fcookie-signature set size:undefined disposed:false
405 silly fetch manifest @types/balanced-match@3.0.2
406 silly packumentCache full:https://registry.npmjs.org/@types%2fbalanced-match cache-miss
407 http fetch GET 200 https://registry.npmjs.org/@types%2fbalanced-match 41ms (cache miss)
408 silly packumentCache full:https://registry.npmjs.org/@types%2fbalanced-match set size:undefined disposed:false
409 silly fetch manifest @types/fresh@0.5.3
410 silly packumentCache full:https://registry.npmjs.org/@types%2ffresh cache-miss
411 http fetch GET 200 https://registry.npmjs.org/@types%2ffresh 51ms (cache miss)
412 silly packumentCache full:https://registry.npmjs.org/@types%2ffresh set size:undefined disposed:false
413 silly fetch manifest @types/encodeurl@1.0.3
414 silly packumentCache full:https://registry.npmjs.org/@types%2fencodeurl cache-miss
415 http fetch GET 200 https://registry.npmjs.org/@types%2fencodeurl 49ms (cache miss)
416 silly packumentCache full:https://registry.npmjs.org/@types%2fencodeurl set size:undefined disposed:false
417 silly fetch manifest @types/base64id@2.0.2
418 silly packumentCache full:https://registry.npmjs.org/@types%2fbase64id cache-miss
419 http fetch GET 200 https://registry.npmjs.org/@types%2fbase64id 417ms (cache miss)
420 silly packumentCache full:https://registry.npmjs.org/@types%2fbase64id set size:undefined disposed:false
421 silly fetch manifest @types/chownr@1.0.3
422 silly packumentCache full:https://registry.npmjs.org/@types%2fchownr cache-miss
423 http fetch GET 200 https://registry.npmjs.org/@types%2fchownr 107ms (cache miss)
424 silly packumentCache full:https://registry.npmjs.org/@types%2fchownr set size:undefined disposed:false
425 silly fetch manifest @types/glob-parent@5.1.3
426 silly packumentCache full:https://registry.npmjs.org/@types%2fglob-parent cache-miss
427 http fetch GET 200 https://registry.npmjs.org/@types%2fglob-parent 54ms (cache miss)
428 silly packumentCache full:https://registry.npmjs.org/@types%2fglob-parent set size:undefined disposed:false
429 silly fetch manifest @types/camelcase-css@2.0.2
430 silly packumentCache full:https://registry.npmjs.org/@types%2fcamelcase-css cache-miss
431 http fetch GET 200 https://registry.npmjs.org/@types%2fcamelcase-css 93ms (cache miss)
432 silly packumentCache full:https://registry.npmjs.org/@types%2fcamelcase-css set size:undefined disposed:false
433 silly fetch manifest @types/concat-map@0.0.3
434 silly packumentCache full:https://registry.npmjs.org/@types%2fconcat-map cache-miss
435 http fetch GET 200 https://registry.npmjs.org/@types%2fconcat-map 69ms (cache miss)
436 silly packumentCache full:https://registry.npmjs.org/@types%2fconcat-map set size:undefined disposed:false
437 silly fetch manifest @types/deep-extend@0.6.2
438 silly packumentCache full:https://registry.npmjs.org/@types%2fdeep-extend cache-miss
439 http fetch GET 200 https://registry.npmjs.org/@types%2fdeep-extend 107ms (cache miss)
440 silly packumentCache full:https://registry.npmjs.org/@types%2fdeep-extend set size:undefined disposed:false
441 silly fetch manifest @types/pkgjs__parseargs@0.10.3
442 silly packumentCache full:https://registry.npmjs.org/@types%2fpkgjs__parseargs cache-miss
443 http fetch GET 200 https://registry.npmjs.org/@types%2fpkgjs__parseargs 46ms (cache miss)
444 silly packumentCache full:https://registry.npmjs.org/@types%2fpkgjs__parseargs set size:undefined disposed:false
445 silly fetch manifest @types/destroy@1.0.3
446 silly packumentCache full:https://registry.npmjs.org/@types%2fdestroy cache-miss
447 http fetch GET 200 https://registry.npmjs.org/@types%2fdestroy 40ms (cache miss)
448 silly packumentCache full:https://registry.npmjs.org/@types%2fdestroy set size:undefined disposed:false
449 silly fetch manifest @types/inherits@2.0.0
450 silly packumentCache full:https://registry.npmjs.org/@types%2finherits cache-miss
451 http fetch GET 200 https://registry.npmjs.org/@types%2finherits 50ms (cache miss)
452 silly packumentCache full:https://registry.npmjs.org/@types%2finherits set size:undefined disposed:false
453 silly fetch manifest @types/is-core-module@2.2.2
454 silly packumentCache full:https://registry.npmjs.org/@types%2fis-core-module cache-miss
455 http fetch GET 200 https://registry.npmjs.org/@types%2fis-core-module 54ms (cache miss)
456 silly packumentCache full:https://registry.npmjs.org/@types%2fis-core-module set size:undefined disposed:false
457 silly fetch manifest @types/forwarded@0.1.4
458 silly packumentCache full:https://registry.npmjs.org/@types%2fforwarded cache-miss
459 http fetch GET 200 https://registry.npmjs.org/@types%2fforwarded 50ms (cache miss)
460 silly packumentCache full:https://registry.npmjs.org/@types%2fforwarded set size:undefined disposed:false
461 silly fetch manifest @types/is-extglob@2.1.0
462 silly packumentCache full:https://registry.npmjs.org/@types%2fis-extglob cache-miss
463 http fetch GET 200 https://registry.npmjs.org/@types%2fis-extglob 47ms (cache miss)
464 silly packumentCache full:https://registry.npmjs.org/@types%2fis-extglob set size:undefined disposed:false
465 silly fetch manifest @types/fill-range@7.0.3
466 silly packumentCache full:https://registry.npmjs.org/@types%2ffill-range cache-miss
467 http fetch GET 200 https://registry.npmjs.org/@types%2ffill-range 45ms (cache miss)
468 silly packumentCache full:https://registry.npmjs.org/@types%2ffill-range set size:undefined disposed:false
469 silly fetch manifest @types/didyoumean@1.2.3
470 silly packumentCache full:https://registry.npmjs.org/@types%2fdidyoumean cache-miss
471 http fetch GET 200 https://registry.npmjs.org/@types%2fdidyoumean 107ms (cache miss)
472 silly packumentCache full:https://registry.npmjs.org/@types%2fdidyoumean set size:undefined disposed:false
473 silly fetch manifest @types/is-glob@4.0.4
474 silly packumentCache full:https://registry.npmjs.org/@types%2fis-glob cache-miss
475 http fetch GET 200 https://registry.npmjs.org/@types%2fis-glob 45ms (cache miss)
476 silly packumentCache full:https://registry.npmjs.org/@types%2fis-glob set size:undefined disposed:false
477 silly fetch manifest @types/end-of-stream@1.4.4
478 silly packumentCache full:https://registry.npmjs.org/@types%2fend-of-stream cache-miss
479 http fetch GET 200 https://registry.npmjs.org/@types%2fend-of-stream 96ms (cache miss)
480 silly packumentCache full:https://registry.npmjs.org/@types%2fend-of-stream set size:undefined disposed:false
481 silly fetch manifest @types/jwa@2.0.3
482 silly packumentCache full:https://registry.npmjs.org/@types%2fjwa cache-miss
483 http fetch GET 200 https://registry.npmjs.org/@types%2fjwa 102ms (cache miss)
484 silly packumentCache full:https://registry.npmjs.org/@types%2fjwa set size:undefined disposed:false
485 silly fetch manifest @types/lodash.isboolean@3.0.9
486 silly packumentCache full:https://registry.npmjs.org/@types%2flodash.isboolean cache-miss
487 http fetch GET 200 https://registry.npmjs.org/@types%2flodash.isboolean 95ms (cache miss)
488 silly packumentCache full:https://registry.npmjs.org/@types%2flodash.isboolean set size:undefined disposed:false
489 silly fetch manifest @types/finalhandler@1.2.4
490 silly packumentCache full:https://registry.npmjs.org/@types%2ffinalhandler cache-miss
491 http fetch GET 200 https://registry.npmjs.org/@types%2ffinalhandler 48ms (cache miss)
492 silly packumentCache full:https://registry.npmjs.org/@types%2ffinalhandler set size:undefined disposed:false
493 silly fetch manifest @types/lodash.isinteger@4.0.9
494 silly packumentCache full:https://registry.npmjs.org/@types%2flodash.isinteger cache-miss
495 http fetch GET 200 https://registry.npmjs.org/@types%2flodash.isinteger 349ms (cache miss)
496 silly packumentCache full:https://registry.npmjs.org/@types%2flodash.isinteger set size:undefined disposed:false
497 silly fetch manifest @types/jws@3.2.10
498 silly packumentCache full:https://registry.npmjs.org/@types%2fjws cache-miss
499 http fetch GET 200 https://registry.npmjs.org/@types%2fjws 323ms (cache miss)
500 silly packumentCache full:https://registry.npmjs.org/@types%2fjws set size:undefined disposed:false
501 silly fetch manifest @types/lodash.includes@4.3.9
502 silly packumentCache full:https://registry.npmjs.org/@types%2flodash.includes cache-miss
503 http fetch GET 200 https://registry.npmjs.org/@types%2flodash.includes 92ms (cache miss)
504 silly packumentCache full:https://registry.npmjs.org/@types%2flodash.includes set size:undefined disposed:false
505 silly fetch manifest @types/lodash.isnumber@3.0.9
506 silly packumentCache full:https://registry.npmjs.org/@types%2flodash.isnumber cache-miss
507 http fetch GET 200 https://registry.npmjs.org/@types%2flodash.isnumber 98ms (cache miss)
508 silly packumentCache full:https://registry.npmjs.org/@types%2flodash.isnumber set size:undefined disposed:false
509 silly fetch manifest @types/get-intrinsic@1.2.3
510 silly packumentCache full:https://registry.npmjs.org/@types%2fget-intrinsic cache-miss
511 http fetch GET 200 https://registry.npmjs.org/@types%2fget-intrinsic 45ms (cache miss)
512 silly packumentCache full:https://registry.npmjs.org/@types%2fget-intrinsic set size:undefined disposed:false
513 silly fetch manifest @types/lodash.once@4.1.9
514 silly packumentCache full:https://registry.npmjs.org/@types%2flodash.once cache-miss
515 http fetch GET 200 https://registry.npmjs.org/@types%2flodash.once 112ms (cache miss)
516 silly packumentCache full:https://registry.npmjs.org/@types%2flodash.once set size:undefined disposed:false
517 silly fetch manifest @types/lodash.isplainobject@4.0.9
518 silly packumentCache full:https://registry.npmjs.org/@types%2flodash.isplainobject cache-miss
519 http fetch GET 200 https://registry.npmjs.org/@types%2flodash.isplainobject 62ms (cache miss)
520 silly packumentCache full:https://registry.npmjs.org/@types%2flodash.isplainobject set size:undefined disposed:false
521 silly fetch manifest @types/merge-descriptors@1.0.3
522 silly packumentCache full:https://registry.npmjs.org/@types%2fmerge-descriptors cache-miss
523 http fetch GET 200 https://registry.npmjs.org/@types%2fmerge-descriptors 56ms (cache miss)
524 silly packumentCache full:https://registry.npmjs.org/@types%2fmerge-descriptors set size:undefined disposed:false
525 silly fetch manifest @types/mime-types@3.0.1
526 silly packumentCache full:https://registry.npmjs.org/@types%2fmime-types cache-miss
527 http fetch GET 200 https://registry.npmjs.org/@types%2fmime-types 52ms (cache miss)
528 silly packumentCache full:https://registry.npmjs.org/@types%2fmime-types set size:undefined disposed:false
529 silly fetch manifest @types/merge2@1.4.4
530 silly packumentCache full:https://registry.npmjs.org/@types%2fmerge2 cache-miss
531 http fetch GET 200 https://registry.npmjs.org/@types%2fmerge2 82ms (cache miss)
532 silly packumentCache full:https://registry.npmjs.org/@types%2fmerge2 set size:undefined disposed:false
533 silly fetch manifest @types/methods@1.1.4
534 silly packumentCache full:https://registry.npmjs.org/@types%2fmethods cache-miss
535 http fetch GET 200 https://registry.npmjs.org/@types%2fmethods 53ms (cache miss)
536 silly packumentCache full:https://registry.npmjs.org/@types%2fmethods set size:undefined disposed:false
537 silly fetch manifest @types/function-bind@1.1.10
538 silly packumentCache full:https://registry.npmjs.org/@types%2ffunction-bind cache-miss
539 http fetch GET 200 https://registry.npmjs.org/@types%2ffunction-bind 47ms (cache miss)
540 silly packumentCache full:https://registry.npmjs.org/@types%2ffunction-bind set size:undefined disposed:false
541 silly fetch manifest @types/mime-db@1.43.6
542 silly packumentCache full:https://registry.npmjs.org/@types%2fmime-db cache-miss
543 http fetch GET 200 https://registry.npmjs.org/@types%2fmime-db 54ms (cache miss)
544 silly packumentCache full:https://registry.npmjs.org/@types%2fmime-db set size:undefined disposed:false
545 silly fetch manifest @types/minimist@1.2.5
546 silly packumentCache full:https://registry.npmjs.org/@types%2fminimist cache-miss
547 http fetch GET 200 https://registry.npmjs.org/@types%2fminimist 48ms (cache miss)
548 silly packumentCache full:https://registry.npmjs.org/@types%2fminimist set size:undefined disposed:false
549 silly fetch manifest @types/micromatch@4.0.9
550 silly packumentCache full:https://registry.npmjs.org/@types%2fmicromatch cache-miss
551 http fetch GET 200 https://registry.npmjs.org/@types%2fmicromatch 50ms (cache miss)
552 silly packumentCache full:https://registry.npmjs.org/@types%2fmicromatch set size:undefined disposed:false
553 silly fetch manifest @types/object-hash@3.0.6
554 silly packumentCache full:https://registry.npmjs.org/@types%2fobject-hash cache-miss
555 http fetch GET 200 https://registry.npmjs.org/@types%2fobject-hash 118ms (cache miss)
556 silly packumentCache full:https://registry.npmjs.org/@types%2fobject-hash set size:undefined disposed:false
557 silly fetch manifest @types/object-inspect@1.13.0
558 silly packumentCache full:https://registry.npmjs.org/@types%2fobject-inspect cache-miss
559 http fetch GET 200 https://registry.npmjs.org/@types%2fobject-inspect 58ms (cache miss)
560 silly packumentCache full:https://registry.npmjs.org/@types%2fobject-inspect set size:undefined disposed:false
561 silly fetch manifest @types/mz@2.7.9
562 silly packumentCache full:https://registry.npmjs.org/@types%2fmz cache-miss
563 http fetch GET 200 https://registry.npmjs.org/@types%2fmz 86ms (cache miss)
564 silly packumentCache full:https://registry.npmjs.org/@types%2fmz set size:undefined disposed:false
565 silly fetch manifest @types/negotiator@0.6.4
566 silly packumentCache full:https://registry.npmjs.org/@types%2fnegotiator cache-miss
567 http fetch GET 200 https://registry.npmjs.org/@types%2fnegotiator 52ms (cache miss)
568 silly packumentCache full:https://registry.npmjs.org/@types%2fnegotiator set size:undefined disposed:false
569 silly fetch manifest @types/github-from-package@0.0.0
570 silly packumentCache full:https://registry.npmjs.org/@types%2fgithub-from-package cache-miss
571 http fetch GET 200 https://registry.npmjs.org/@types%2fgithub-from-package 578ms (cache miss)
572 silly packumentCache full:https://registry.npmjs.org/@types%2fgithub-from-package set size:undefined disposed:false
573 silly fetch manifest @types/gopd@1.0.3
574 silly packumentCache full:https://registry.npmjs.org/@types%2fgopd cache-miss
575 http fetch GET 200 https://registry.npmjs.org/@types%2fgopd 49ms (cache miss)
576 silly packumentCache full:https://registry.npmjs.org/@types%2fgopd set size:undefined disposed:false
577 silly fetch manifest @types/object-assign@4.0.33
578 silly packumentCache full:https://registry.npmjs.org/@types%2fobject-assign cache-miss
579 http fetch GET 200 https://registry.npmjs.org/@types%2fobject-assign 56ms (cache miss)
580 silly packumentCache full:https://registry.npmjs.org/@types%2fobject-assign set size:undefined disposed:false
581 silly fetch manifest @types/ignore-by-default@0.0.0
582 silly packumentCache full:https://registry.npmjs.org/@types%2fignore-by-default cache-miss
583 http fetch GET 200 https://registry.npmjs.org/@types%2fignore-by-default 105ms (cache miss)
584 silly packumentCache full:https://registry.npmjs.org/@types%2fignore-by-default set size:undefined disposed:false
585 silly fetch manifest @types/parseurl@1.3.3
586 silly packumentCache full:https://registry.npmjs.org/@types%2fparseurl cache-miss
587 http fetch GET 200 https://registry.npmjs.org/@types%2fparseurl 49ms (cache miss)
588 silly packumentCache full:https://registry.npmjs.org/@types%2fparseurl set size:undefined disposed:false
589 silly fetch manifest @types/on-finished@2.3.5
590 silly packumentCache full:https://registry.npmjs.org/@types%2fon-finished cache-miss
591 http fetch GET 200 https://registry.npmjs.org/@types%2fon-finished 58ms (cache miss)
592 silly packumentCache full:https://registry.npmjs.org/@types%2fon-finished set size:undefined disposed:false
593 silly fetch manifest @types/is-number@7.0.5
594 silly packumentCache full:https://registry.npmjs.org/@types%2fis-number cache-miss
595 http fetch GET 200 https://registry.npmjs.org/@types%2fis-number 57ms (cache miss)
596 silly packumentCache full:https://registry.npmjs.org/@types%2fis-number set size:undefined disposed:false
597 silly fetch manifest @types/postcss-import@14.0.3
598 silly packumentCache full:https://registry.npmjs.org/@types%2fpostcss-import cache-miss
599 http fetch GET 200 https://registry.npmjs.org/@types%2fpostcss-import 91ms (cache miss)
600 silly packumentCache full:https://registry.npmjs.org/@types%2fpostcss-import set size:undefined disposed:false
601 silly fetch manifest @types/ini@4.1.1
602 silly packumentCache full:https://registry.npmjs.org/@types%2fini cache-miss
603 http fetch GET 200 https://registry.npmjs.org/@types%2fini 115ms (cache miss)
604 silly packumentCache full:https://registry.npmjs.org/@types%2fini set size:undefined disposed:false
605 silly fetch manifest @types/postcss-js@4.0.4
606 silly packumentCache full:https://registry.npmjs.org/@types%2fpostcss-js cache-miss
607 http fetch GET 200 https://registry.npmjs.org/@types%2fpostcss-js 554ms (cache miss)
608 silly packumentCache full:https://registry.npmjs.org/@types%2fpostcss-js set size:undefined disposed:false
609 silly fetch manifest @types/proxy-addr@2.0.3
610 silly packumentCache full:https://registry.npmjs.org/@types%2fproxy-addr cache-miss
611 http fetch GET 200 https://registry.npmjs.org/@types%2fproxy-addr 44ms (cache miss)
612 silly packumentCache full:https://registry.npmjs.org/@types%2fproxy-addr set size:undefined disposed:false
613 silly fetch manifest @types/resolve@1.20.6
614 silly packumentCache full:https://registry.npmjs.org/@types%2fresolve cache-miss
615 http fetch GET 200 https://registry.npmjs.org/@types%2fresolve 54ms (cache miss)
616 silly packumentCache full:https://registry.npmjs.org/@types%2fresolve set size:undefined disposed:false
617 silly fetch manifest @types/normalize-path@3.0.2
618 silly packumentCache full:https://registry.npmjs.org/@types%2fnormalize-path cache-miss
619 http fetch GET 200 https://registry.npmjs.org/@types%2fnormalize-path 75ms (cache miss)
620 silly packumentCache full:https://registry.npmjs.org/@types%2fnormalize-path set size:undefined disposed:false
621 silly fetch manifest @types/semver@7.7.1
622 silly packumentCache full:https://registry.npmjs.org/@types%2fsemver cache-miss
623 http fetch GET 200 https://registry.npmjs.org/@types%2fsemver 41ms (cache miss)
624 silly packumentCache full:https://registry.npmjs.org/@types%2fsemver set size:undefined disposed:false
625 silly fetch manifest @types/statuses@2.0.6
626 silly packumentCache full:https://registry.npmjs.org/@types%2fstatuses cache-miss
627 http fetch GET 200 https://registry.npmjs.org/@types%2fstatuses 49ms (cache miss)
628 silly packumentCache full:https://registry.npmjs.org/@types%2fstatuses set size:undefined disposed:false
629 silly fetch manifest @types/safer-buffer@2.1.3
630 silly packumentCache full:https://registry.npmjs.org/@types%2fsafer-buffer cache-miss
631 http fetch GET 200 https://registry.npmjs.org/@types%2fsafer-buffer 50ms (cache miss)
632 silly packumentCache full:https://registry.npmjs.org/@types%2fsafer-buffer set size:undefined disposed:false
633 silly fetch manifest @types/readable-stream@4.0.21
634 silly packumentCache full:https://registry.npmjs.org/@types%2freadable-stream cache-miss
635 http fetch GET 200 https://registry.npmjs.org/@types%2freadable-stream 49ms (cache miss)
636 silly packumentCache full:https://registry.npmjs.org/@types%2freadable-stream set size:undefined disposed:false
637 silly fetch manifest @types/lodash.isstring@4.0.9
638 silly packumentCache full:https://registry.npmjs.org/@types%2flodash.isstring cache-miss
639 http fetch GET 200 https://registry.npmjs.org/@types%2flodash.isstring 110ms (cache miss)
640 silly packumentCache full:https://registry.npmjs.org/@types%2flodash.isstring set size:undefined disposed:false
641 silly fetch manifest @types/picomatch@4.0.2
642 silly packumentCache full:https://registry.npmjs.org/@types%2fpicomatch cache-miss
643 http fetch GET 200 https://registry.npmjs.org/@types%2fpicomatch 58ms (cache miss)
644 silly packumentCache full:https://registry.npmjs.org/@types%2fpicomatch set size:undefined disposed:false
645 silly fetch manifest @types/isexe@2.0.4
646 silly packumentCache full:https://registry.npmjs.org/@types%2fisexe cache-miss
647 http fetch GET 200 https://registry.npmjs.org/@types%2fisexe 48ms (cache miss)
648 silly packumentCache full:https://registry.npmjs.org/@types%2fisexe set size:undefined disposed:false
649 silly fetch manifest @types/once@1.4.5
650 silly packumentCache full:https://registry.npmjs.org/@types%2fonce cache-miss
651 http fetch GET 200 https://registry.npmjs.org/@types%2fonce 72ms (cache miss)
652 silly packumentCache full:https://registry.npmjs.org/@types%2fonce set size:undefined disposed:false
653 silly fetch manifest @types/tar-fs@2.0.4
654 silly packumentCache full:https://registry.npmjs.org/@types%2ftar-fs cache-miss
655 http fetch GET 200 https://registry.npmjs.org/@types%2ftar-fs 85ms (cache miss)
656 silly packumentCache full:https://registry.npmjs.org/@types%2ftar-fs set size:undefined disposed:false
657 silly fetch manifest @types/media-typer@1.1.3
658 silly packumentCache full:https://registry.npmjs.org/@types%2fmedia-typer cache-miss
659 http fetch GET 200 https://registry.npmjs.org/@types%2fmedia-typer 41ms (cache miss)
660 silly packumentCache full:https://registry.npmjs.org/@types%2fmedia-typer set size:undefined disposed:false
661 silly fetch manifest @types/touch@3.1.5
662 silly packumentCache full:https://registry.npmjs.org/@types%2ftouch cache-miss
663 http fetch GET 200 https://registry.npmjs.org/@types%2ftouch 96ms (cache miss)
664 silly packumentCache full:https://registry.npmjs.org/@types%2ftouch set size:undefined disposed:false
665 silly fetch manifest @types/util-deprecate@1.0.4
666 silly packumentCache full:https://registry.npmjs.org/@types%2futil-deprecate cache-miss
667 http fetch GET 200 https://registry.npmjs.org/@types%2futil-deprecate 48ms (cache miss)
668 silly packumentCache full:https://registry.npmjs.org/@types%2futil-deprecate set size:undefined disposed:false
669 silly fetch manifest @types/pump@1.1.3
670 silly packumentCache full:https://registry.npmjs.org/@types%2fpump cache-miss
671 http fetch GET 200 https://registry.npmjs.org/@types%2fpump 120ms (cache miss)
672 silly packumentCache full:https://registry.npmjs.org/@types%2fpump set size:undefined disposed:false
673 silly fetch manifest @types/type-is@1.6.7
674 silly packumentCache full:https://registry.npmjs.org/@types%2ftype-is cache-miss
675 http fetch GET 200 https://registry.npmjs.org/@types%2ftype-is 42ms (cache miss)
676 silly packumentCache full:https://registry.npmjs.org/@types%2ftype-is set size:undefined disposed:false
677 silly fetch manifest @types/toidentifier@1.0.2
678 silly packumentCache full:https://registry.npmjs.org/@types%2ftoidentifier cache-miss
679 http fetch GET 200 https://registry.npmjs.org/@types%2ftoidentifier 47ms (cache miss)
680 silly packumentCache full:https://registry.npmjs.org/@types%2ftoidentifier set size:undefined disposed:false
681 silly fetch manifest @types/node-abi@3.0.3
682 silly packumentCache full:https://registry.npmjs.org/@types%2fnode-abi cache-miss
683 http fetch GET 200 https://registry.npmjs.org/@types%2fnode-abi 556ms (cache miss)
684 silly packumentCache full:https://registry.npmjs.org/@types%2fnode-abi set size:undefined disposed:false
685 silly fetch manifest @types/http-errors@2.0.5
686 silly packumentCache full:https://registry.npmjs.org/@types%2fhttp-errors cache-miss
687 http fetch GET 200 https://registry.npmjs.org/@types%2fhttp-errors 76ms (cache revalidated)
688 silly packumentCache full:https://registry.npmjs.org/@types%2fhttp-errors set size:48994 disposed:false
689 silly fetch manifest @types/utils-merge@1.0.0
690 silly packumentCache full:https://registry.npmjs.org/@types%2futils-merge cache-miss
691 http fetch GET 200 https://registry.npmjs.org/@types%2futils-merge 89ms (cache miss)
692 silly packumentCache full:https://registry.npmjs.org/@types%2futils-merge set size:undefined disposed:false
693 silly fetch manifest @types/ms@2.1.0
694 silly packumentCache full:https://registry.npmjs.org/@types%2fms cache-miss
695 http fetch GET 200 https://registry.npmjs.org/@types%2fms 51ms (cache revalidated)
696 silly packumentCache full:https://registry.npmjs.org/@types%2fms set size:24399 disposed:false
697 silly fetch manifest @types/qs@6.14.0
698 silly packumentCache full:https://registry.npmjs.org/@types%2fqs cache-miss
699 http fetch GET 200 https://registry.npmjs.org/@types%2fqs 110ms (cache revalidated)
700 silly packumentCache full:https://registry.npmjs.org/@types%2fqs set size:79370 disposed:false
701 silly fetch manifest @types/which@3.0.4
702 silly packumentCache full:https://registry.npmjs.org/@types%2fwhich cache-miss
703 http fetch GET 200 https://registry.npmjs.org/@types%2fwhich 62ms (cache miss)
704 silly packumentCache full:https://registry.npmjs.org/@types%2fwhich set size:undefined disposed:false
705 silly fetch manifest @types/body-parser@1.19.6
706 silly packumentCache full:https://registry.npmjs.org/@types%2fbody-parser cache-miss
707 http fetch GET 200 https://registry.npmjs.org/@types%2fbody-parser 52ms (cache revalidated)
708 silly packumentCache full:https://registry.npmjs.org/@types%2fbody-parser set size:59466 disposed:false
709 silly fetch manifest @types/ws@8.18.1
710 silly packumentCache full:https://registry.npmjs.org/@types%2fws cache-miss
711 http fetch GET 200 https://registry.npmjs.org/@types%2fws 50ms (cache miss)
712 silly packumentCache full:https://registry.npmjs.org/@types%2fws set size:undefined disposed:false
713 silly fetch manifest @types/send@0.17.5
714 silly packumentCache full:https://registry.npmjs.org/@types%2fsend cache-miss
715 http fetch GET 200 https://registry.npmjs.org/@types%2fsend 112ms (cache revalidated)
716 silly packumentCache full:https://registry.npmjs.org/@types%2fsend set size:24918 disposed:false
717 silly fetch manifest @types/range-parser@1.2.7
718 silly packumentCache full:https://registry.npmjs.org/@types%2frange-parser cache-miss
719 http fetch GET 200 https://registry.npmjs.org/@types%2frange-parser 60ms (cache revalidated)
720 silly packumentCache full:https://registry.npmjs.org/@types%2frange-parser set size:15278 disposed:false
721 silly fetch manifest @types/serve-static@1.15.8
722 silly packumentCache full:https://registry.npmjs.org/@types%2fserve-static cache-miss
723 http fetch GET 200 https://registry.npmjs.org/@types%2fserve-static 51ms (cache revalidated)
724 silly packumentCache full:https://registry.npmjs.org/@types%2fserve-static set size:65278 disposed:false
725 silly fetch manifest @types/path-parse@1.0.22
726 silly packumentCache full:https://registry.npmjs.org/@types%2fpath-parse cache-miss
727 http fetch GET 200 https://registry.npmjs.org/@types%2fpath-parse 42ms (cache miss)
728 silly packumentCache full:https://registry.npmjs.org/@types%2fpath-parse set size:undefined disposed:false
729 silly fetch manifest @types/rc@1.2.4
730 silly packumentCache full:https://registry.npmjs.org/@types%2frc cache-miss
731 http fetch GET 200 https://registry.npmjs.org/@types%2frc 106ms (cache miss)
732 silly packumentCache full:https://registry.npmjs.org/@types%2frc set size:undefined disposed:false
733 silly fetch manifest @types/run-parallel@1.1.2
734 silly packumentCache full:https://registry.npmjs.org/@types%2frun-parallel cache-miss
735 http fetch GET 200 https://registry.npmjs.org/@types%2frun-parallel 63ms (cache miss)
736 silly packumentCache full:https://registry.npmjs.org/@types%2frun-parallel set size:undefined disposed:false
737 silly fetch manifest @types/to-regex-range@5.0.3
738 silly packumentCache full:https://registry.npmjs.org/@types%2fto-regex-range cache-miss
739 http fetch GET 200 https://registry.npmjs.org/@types%2fto-regex-range 62ms (cache miss)
740 silly packumentCache full:https://registry.npmjs.org/@types%2fto-regex-range set size:undefined disposed:false
741 silly fetch manifest @types/shebang-command@1.2.2
742 silly packumentCache full:https://registry.npmjs.org/@types%2fshebang-command cache-miss
743 http fetch GET 200 https://registry.npmjs.org/@types%2fshebang-command 43ms (cache miss)
744 silly packumentCache full:https://registry.npmjs.org/@types%2fshebang-command set size:undefined disposed:false
745 silly fetch manifest @types/simple-get@4.0.3
746 silly packumentCache full:https://registry.npmjs.org/@types%2fsimple-get cache-miss
747 http fetch GET 200 https://registry.npmjs.org/@types%2fsimple-get 585ms (cache miss)
748 silly packumentCache full:https://registry.npmjs.org/@types%2fsimple-get set size:undefined disposed:false
749 silly fetch manifest @types/tar-stream@3.1.4
750 silly packumentCache full:https://registry.npmjs.org/@types%2ftar-stream cache-miss
751 http fetch GET 200 https://registry.npmjs.org/@types%2ftar-stream 123ms (cache miss)
752 silly packumentCache full:https://registry.npmjs.org/@types%2ftar-stream set size:undefined disposed:false
753 silly fetch manifest @types/vary@1.1.3
754 silly packumentCache full:https://registry.npmjs.org/@types%2fvary cache-miss
755 http fetch GET 200 https://registry.npmjs.org/@types%2fvary 47ms (cache miss)
756 silly packumentCache full:https://registry.npmjs.org/@types%2fvary set size:undefined disposed:false
757 silly placeDep ROOT @types/accepts@1.3.7 OK for:  want: 1.3.7
758 silly placeDep ROOT @types/balanced-match@3.0.2 OK for:  want: 3.0.2
759 silly placeDep ROOT @types/base64id@2.0.2 OK for:  want: 2.0.2
760 silly placeDep ROOT @types/bindings@1.5.5 OK for:  want: 1.5.5
761 silly placeDep ROOT @types/body-parser@1.19.6 REPLACE for:  want: 1.19.6
762 silly placeDep ROOT @types/brace-expansion@1.1.2 OK for:  want: 1.1.2
763 silly placeDep ROOT @types/braces@3.0.5 OK for:  want: 3.0.5
764 silly placeDep ROOT @types/bytes@3.1.5 OK for:  want: 3.1.5
765 silly placeDep ROOT @types/camelcase-css@2.0.2 OK for:  want: 2.0.2
766 silly placeDep ROOT @types/chownr@1.0.3 OK for:  want: 1.0.3
767 silly placeDep ROOT @types/color-convert@2.0.4 OK for:  want: 2.0.4
768 silly placeDep ROOT @types/color-name@2.0.0 OK for:  want: 2.0.0
769 silly placeDep ROOT @types/concat-map@0.0.3 OK for:  want: 0.0.3
770 silly placeDep ROOT @types/content-disposition@0.5.9 OK for:  want: 0.5.9
771 silly placeDep ROOT @types/content-type@1.1.9 OK for:  want: 1.1.9
772 silly placeDep ROOT @types/cookie-signature@1.1.2 OK for:  want: 1.1.2
773 silly placeDep ROOT @types/cross-spawn@6.0.6 OK for:  want: 6.0.6
774 silly placeDep ROOT @types/cssesc@3.0.2 OK for:  want: 3.0.2
775 silly placeDep ROOT @types/debug@4.1.12 OK for:  want: 4.1.12
776 silly placeDep ROOT @types/deep-extend@0.6.2 OK for:  want: 0.6.2
777 silly placeDep ROOT @types/depd@1.1.37 OK for:  want: 1.1.37
778 silly placeDep ROOT @types/destroy@1.0.3 OK for:  want: 1.0.3
779 silly placeDep ROOT @types/didyoumean@1.2.3 OK for:  want: 1.2.3
780 silly placeDep ROOT @types/dlv@1.1.5 OK for:  want: 1.1.5
781 silly placeDep ROOT @types/ee-first@1.1.3 OK for:  want: 1.1.3
782 silly placeDep ROOT @types/encodeurl@1.0.3 OK for:  want: 1.0.3
783 silly placeDep ROOT @types/end-of-stream@1.4.4 OK for:  want: 1.4.4
784 silly placeDep ROOT @types/escape-html@1.0.4 OK for:  want: 1.0.4
785 silly placeDep ROOT @types/etag@1.8.4 OK for:  want: 1.8.4
786 silly placeDep ROOT @types/fill-range@7.0.3 OK for:  want: 7.0.3
787 silly placeDep ROOT @types/finalhandler@1.2.4 OK for:  want: 1.2.4
788 silly placeDep ROOT @types/forwarded@0.1.4 OK for:  want: 0.1.4
789 silly placeDep ROOT @types/fresh@0.5.3 OK for:  want: 0.5.3
790 silly placeDep ROOT @types/function-bind@1.1.10 OK for:  want: 1.1.10
791 silly placeDep ROOT @types/get-intrinsic@1.2.3 OK for:  want: 1.2.3
792 silly placeDep ROOT @types/github-from-package@0.0.0 OK for:  want: 0.0.0
793 silly placeDep ROOT @types/glob-parent@5.1.3 OK for:  want: 5.1.3
794 silly placeDep ROOT @types/gopd@1.0.3 OK for:  want: 1.0.3
795 silly placeDep ROOT @types/http-errors@2.0.5 REPLACE for:  want: 2.0.5
796 silly placeDep ROOT @types/ignore-by-default@0.0.0 OK for:  want: 0.0.0
797 silly placeDep ROOT @types/inherits@2.0.0 OK for:  want: 2.0.0
798 silly placeDep ROOT @types/ini@4.1.1 OK for:  want: 4.1.1
799 silly placeDep ROOT @types/is-core-module@2.2.2 OK for:  want: 2.2.2
800 silly placeDep ROOT @types/is-extglob@2.1.0 OK for:  want: 2.1.0
801 silly placeDep ROOT @types/is-glob@4.0.4 OK for:  want: 4.0.4
802 silly placeDep ROOT @types/is-number@7.0.5 OK for:  want: 7.0.5
803 silly placeDep ROOT @types/isexe@2.0.4 OK for:  want: 2.0.4
804 silly placeDep ROOT @types/jwa@2.0.3 OK for:  want: 2.0.3
805 silly placeDep ROOT @types/jws@3.2.10 OK for:  want: 3.2.10
806 silly placeDep ROOT @types/lodash.includes@4.3.9 OK for:  want: 4.3.9
807 silly placeDep ROOT @types/lodash.isboolean@3.0.9 OK for:  want: 3.0.9
808 silly placeDep ROOT @types/lodash.isinteger@4.0.9 OK for:  want: 4.0.9
809 silly placeDep ROOT @types/lodash.isnumber@3.0.9 OK for:  want: 3.0.9
810 silly placeDep ROOT @types/lodash.isplainobject@4.0.9 OK for:  want: 4.0.9
811 silly placeDep ROOT @types/lodash.isstring@4.0.9 OK for:  want: 4.0.9
812 silly placeDep ROOT @types/lodash.once@4.1.9 OK for:  want: 4.1.9
813 silly placeDep ROOT @types/media-typer@1.1.3 OK for:  want: 1.1.3
814 silly placeDep ROOT @types/merge-descriptors@1.0.3 OK for:  want: 1.0.3
815 silly placeDep ROOT @types/merge2@1.4.4 OK for:  want: 1.4.4
816 silly placeDep ROOT @types/methods@1.1.4 OK for:  want: 1.1.4
817 silly placeDep ROOT @types/micromatch@4.0.9 OK for:  want: 4.0.9
818 silly placeDep ROOT @types/mime-db@1.43.6 OK for:  want: 1.43.6
819 silly placeDep ROOT @types/mime-types@3.0.1 OK for:  want: 3.0.1
820 silly placeDep ROOT @types/minimist@1.2.5 OK for:  want: 1.2.5
821 silly placeDep ROOT @types/ms@2.1.0 REPLACE for:  want: 2.1.0
822 silly placeDep ROOT @types/mz@2.7.9 OK for:  want: 2.7.9
823 silly placeDep ROOT @types/negotiator@0.6.4 OK for:  want: 0.6.4
824 silly placeDep ROOT @types/node-abi@3.0.3 OK for:  want: 3.0.3
825 silly placeDep ROOT @types/normalize-path@3.0.2 OK for:  want: 3.0.2
826 silly placeDep ROOT @types/object-assign@4.0.33 OK for:  want: 4.0.33
827 silly placeDep ROOT @types/object-hash@3.0.6 OK for:  want: 3.0.6
828 silly placeDep ROOT @types/object-inspect@1.13.0 OK for:  want: 1.13.0
829 silly placeDep ROOT @types/on-finished@2.3.5 OK for:  want: 2.3.5
830 silly placeDep ROOT @types/once@1.4.5 OK for:  want: 1.4.5
831 silly placeDep ROOT @types/parseurl@1.3.3 OK for:  want: 1.3.3
832 silly placeDep ROOT @types/path-parse@1.0.22 OK for:  want: 1.0.22
833 silly placeDep ROOT @types/picomatch@4.0.2 OK for:  want: 4.0.2
834 silly placeDep ROOT @types/pkgjs__parseargs@0.10.3 OK for:  want: 0.10.3
835 silly placeDep ROOT @types/postcss-import@14.0.3 OK for:  want: 14.0.3
836 silly placeDep ROOT @types/postcss-js@4.0.4 OK for:  want: 4.0.4
837 silly placeDep ROOT @types/proxy-addr@2.0.3 OK for:  want: 2.0.3
838 silly placeDep ROOT @types/pump@1.1.3 OK for:  want: 1.1.3
839 silly placeDep ROOT @types/qs@6.14.0 REPLACE for:  want: 6.14.0
840 silly placeDep ROOT @types/range-parser@1.2.7 REPLACE for:  want: 1.2.7
841 silly placeDep ROOT @types/rc@1.2.4 OK for:  want: 1.2.4
842 silly placeDep ROOT @types/readable-stream@4.0.21 OK for:  want: 4.0.21
843 silly placeDep ROOT @types/resolve@1.20.6 OK for:  want: 1.20.6
844 silly placeDep ROOT @types/run-parallel@1.1.2 OK for:  want: 1.1.2
845 silly placeDep ROOT @types/safer-buffer@2.1.3 OK for:  want: 2.1.3
846 silly placeDep ROOT @types/semver@7.7.1 OK for:  want: 7.7.1
847 silly placeDep ROOT @types/send@0.17.5 REPLACE for:  want: 0.17.5
848 silly placeDep ROOT @types/serve-static@1.15.8 REPLACE for:  want: 1.15.8
849 silly placeDep ROOT @types/shebang-command@1.2.2 OK for:  want: 1.2.2
850 silly placeDep ROOT @types/simple-get@4.0.3 OK for:  want: 4.0.3
851 silly placeDep ROOT @types/statuses@2.0.6 OK for:  want: 2.0.6
852 silly placeDep ROOT @types/tar-fs@2.0.4 OK for:  want: 2.0.4
853 silly placeDep ROOT @types/tar-stream@3.1.4 OK for:  want: 3.1.4
854 silly placeDep ROOT @types/to-regex-range@5.0.3 OK for:  want: 5.0.3
855 silly placeDep ROOT @types/toidentifier@1.0.2 OK for:  want: 1.0.2
856 silly placeDep ROOT @types/touch@3.1.5 OK for:  want: 3.1.5
857 silly placeDep ROOT @types/type-is@1.6.7 OK for:  want: 1.6.7
858 silly placeDep ROOT @types/util-deprecate@1.0.4 OK for:  want: 1.0.4
859 silly placeDep ROOT @types/utils-merge@1.0.0 OK for:  want: 1.0.0
860 silly placeDep ROOT @types/vary@1.1.3 OK for:  want: 1.1.3
861 silly placeDep ROOT @types/which@3.0.4 OK for:  want: 3.0.4
862 silly placeDep ROOT @types/ws@8.18.1 OK for:  want: 8.18.1
863 silly fetch manifest @types/color-name@^1.1.0
864 silly packumentCache full:https://registry.npmjs.org/@types%2fcolor-name cache-miss
865 silly fetch manifest @types/lodash@*
866 silly packumentCache full:https://registry.npmjs.org/@types%2flodash cache-miss
867 silly fetch manifest @types/lodash@*
868 silly packumentCache full:https://registry.npmjs.org/@types%2flodash cache-miss
869 silly fetch manifest @types/lodash@*
870 silly packumentCache full:https://registry.npmjs.org/@types%2flodash cache-miss
871 silly fetch manifest @types/lodash@*
872 silly packumentCache full:https://registry.npmjs.org/@types%2flodash cache-miss
873 silly fetch manifest @types/lodash@*
874 silly packumentCache full:https://registry.npmjs.org/@types%2flodash cache-miss
875 silly fetch manifest @types/lodash@*
876 silly packumentCache full:https://registry.npmjs.org/@types%2flodash cache-miss
877 silly fetch manifest @types/lodash@*
878 silly packumentCache full:https://registry.npmjs.org/@types%2flodash cache-miss
879 silly fetch manifest postcss@^8.0.0
880 silly packumentCache full:https://registry.npmjs.org/postcss cache-miss
881 silly fetch manifest postcss@^8.3.3
882 silly packumentCache full:https://registry.npmjs.org/postcss cache-miss
883 silly fetch manifest @types/tar-stream@*
884 silly packumentCache full:https://registry.npmjs.org/@types%2ftar-stream cache-miss
885 http fetch GET 200 https://registry.npmjs.org/@types%2fcolor-name 35ms (cache hit)
886 silly packumentCache full:https://registry.npmjs.org/@types%2fcolor-name set size:11907 disposed:false
887 http fetch GET 200 https://registry.npmjs.org/@types%2ftar-stream 24ms (cache hit)
888 silly packumentCache full:https://registry.npmjs.org/@types%2ftar-stream set size:37616 disposed:false
889 http fetch GET 200 https://registry.npmjs.org/@types%2flodash 121ms (cache miss)
890 silly packumentCache full:https://registry.npmjs.org/@types%2flodash set size:undefined disposed:false
891 http fetch GET 200 https://registry.npmjs.org/@types%2flodash 130ms (cache miss)
892 silly packumentCache full:https://registry.npmjs.org/@types%2flodash set size:undefined disposed:false
893 http fetch GET 200 https://registry.npmjs.org/@types%2flodash 138ms (cache miss)
894 silly packumentCache full:https://registry.npmjs.org/@types%2flodash set size:undefined disposed:false
895 http fetch GET 200 https://registry.npmjs.org/@types%2flodash 144ms (cache miss)
896 silly packumentCache full:https://registry.npmjs.org/@types%2flodash set size:undefined disposed:false
897 http fetch GET 200 https://registry.npmjs.org/@types%2flodash 155ms (cache miss)
898 silly packumentCache full:https://registry.npmjs.org/@types%2flodash set size:undefined disposed:false
899 http fetch GET 200 https://registry.npmjs.org/@types%2flodash 156ms (cache miss)
900 silly packumentCache full:https://registry.npmjs.org/@types%2flodash set size:undefined disposed:false
901 http fetch GET 200 https://registry.npmjs.org/postcss 158ms (cache miss)
902 silly packumentCache full:https://registry.npmjs.org/postcss set size:undefined disposed:false
903 http fetch GET 200 https://registry.npmjs.org/postcss 168ms (cache miss)
904 silly packumentCache full:https://registry.npmjs.org/postcss set size:undefined disposed:false
905 http fetch GET 200 https://registry.npmjs.org/@types%2flodash 177ms (cache miss)
906 silly packumentCache full:https://registry.npmjs.org/@types%2flodash set size:undefined disposed:false
907 silly placeDep node_modules/@types/color-convert @types/color-name@1.1.5 OK for: @types/color-convert@2.0.4 want: ^1.1.0
908 silly placeDep ROOT @types/lodash@4.17.20 OK for: @types/lodash.includes@4.3.9 want: *
909 silly placeDep ROOT postcss@8.5.6 OK for: @types/postcss-import@14.0.3 want: ^8.0.0
910 silly fetch manifest nanoid@^3.3.11
911 silly packumentCache full:https://registry.npmjs.org/nanoid cache-miss
912 silly fetch manifest picocolors@^1.1.1
913 silly packumentCache full:https://registry.npmjs.org/picocolors cache-miss
914 silly fetch manifest source-map-js@^1.2.1
915 silly packumentCache full:https://registry.npmjs.org/source-map-js cache-miss
916 http fetch GET 200 https://registry.npmjs.org/source-map-js 37ms (cache miss)
917 silly packumentCache full:https://registry.npmjs.org/source-map-js set size:undefined disposed:false
918 http fetch GET 200 https://registry.npmjs.org/picocolors 41ms (cache miss)
919 silly packumentCache full:https://registry.npmjs.org/picocolors set size:undefined disposed:false
920 http fetch GET 200 https://registry.npmjs.org/nanoid 69ms (cache miss)
921 silly packumentCache full:https://registry.npmjs.org/nanoid set size:undefined disposed:false
922 silly placeDep ROOT nanoid@3.3.11 OK for: postcss@8.5.6 want: ^3.3.11
923 silly placeDep ROOT picocolors@1.1.1 OK for: postcss@8.5.6 want: ^1.1.1
924 silly placeDep ROOT source-map-js@1.2.1 OK for: postcss@8.5.6 want: ^1.2.1
925 silly reify moves {}
926 silly audit bulk request {
926 silly audit   '@types/better-sqlite3': [ '7.6.13' ],
926 silly audit   '@types/connect': [ '3.4.38' ],
926 silly audit   '@types/cookie-parser': [ '1.4.9' ],
926 silly audit   '@types/cors': [ '2.8.19' ],
926 silly audit   '@types/express': [ '5.0.3' ],
926 silly audit   '@types/express-serve-static-core': [ '5.0.7' ],
926 silly audit   '@types/jsonwebtoken': [ '9.0.10' ],
926 silly audit   '@types/mime': [ '1.3.5' ],
926 silly audit   '@types/node': [ '24.5.2' ],
926 silly audit   '@types/react': [ '19.1.13' ],
926 silly audit   csstype: [ '3.1.3' ],
926 silly audit   'types-registry': [ '0.1.739' ],
926 silly audit   'undici-types': [ '7.12.0' ],
926 silly audit   '@types/accepts': [ '1.3.7' ],
926 silly audit   '@types/balanced-match': [ '3.0.2' ],
926 silly audit   '@types/base64id': [ '2.0.2' ],
926 silly audit   '@types/bindings': [ '1.5.5' ],
926 silly audit   '@types/body-parser': [ '1.19.6' ],
926 silly audit   '@types/brace-expansion': [ '1.1.2' ],
926 silly audit   '@types/braces': [ '3.0.5' ],
926 silly audit   '@types/bytes': [ '3.1.5' ],
926 silly audit   '@types/camelcase-css': [ '2.0.2' ],
926 silly audit   '@types/chownr': [ '1.0.3' ],
926 silly audit   '@types/color-convert': [ '2.0.4' ],
926 silly audit   '@types/color-name': [ '2.0.0', '1.1.5' ],
926 silly audit   '@types/concat-map': [ '0.0.3' ],
926 silly audit   '@types/content-disposition': [ '0.5.9' ],
926 silly audit   '@types/content-type': [ '1.1.9' ],
926 silly audit   '@types/cookie-signature': [ '1.1.2' ],
926 silly audit   '@types/cross-spawn': [ '6.0.6' ],
926 silly audit   '@types/cssesc': [ '3.0.2' ],
926 silly audit   '@types/debug': [ '4.1.12' ],
926 silly audit   '@types/deep-extend': [ '0.6.2' ],
926 silly audit   '@types/depd': [ '1.1.37' ],
926 silly audit   '@types/destroy': [ '1.0.3' ],
926 silly audit   '@types/didyoumean': [ '1.2.3' ],
926 silly audit   '@types/dlv': [ '1.1.5' ],
926 silly audit   '@types/ee-first': [ '1.1.3' ],
926 silly audit   '@types/encodeurl': [ '1.0.3' ],
926 silly audit   '@types/end-of-stream': [ '1.4.4' ],
926 silly audit   '@types/escape-html': [ '1.0.4' ],
926 silly audit   '@types/etag': [ '1.8.4' ],
926 silly audit   '@types/fill-range': [ '7.0.3' ],
926 silly audit   '@types/finalhandler': [ '1.2.4' ],
926 silly audit   '@types/forwarded': [ '0.1.4' ],
926 silly audit   '@types/fresh': [ '0.5.3' ],
926 silly audit   '@types/function-bind': [ '1.1.10' ],
926 silly audit   '@types/get-intrinsic': [ '1.2.3' ],
926 silly audit   '@types/github-from-package': [ '0.0.0' ],
926 silly audit   '@types/glob-parent': [ '5.1.3' ],
926 silly audit   '@types/gopd': [ '1.0.3' ],
926 silly audit   '@types/http-errors': [ '2.0.5' ],
926 silly audit   '@types/ignore-by-default': [ '0.0.0' ],
926 silly audit   '@types/inherits': [ '2.0.0' ],
926 silly audit   '@types/ini': [ '4.1.1' ],
926 silly audit   '@types/is-core-module': [ '2.2.2' ],
926 silly audit   '@types/is-extglob': [ '2.1.0' ],
926 silly audit   '@types/is-glob': [ '4.0.4' ],
926 silly audit   '@types/is-number': [ '7.0.5' ],
926 silly audit   '@types/isexe': [ '2.0.4' ],
926 silly audit   '@types/jwa': [ '2.0.3' ],
926 silly audit   '@types/jws': [ '3.2.10' ],
926 silly audit   '@types/lodash.includes': [ '4.3.9' ],
926 silly audit   '@types/lodash.isboolean': [ '3.0.9' ],
926 silly audit   '@types/lodash.isinteger': [ '4.0.9' ],
926 silly audit   '@types/lodash.isnumber': [ '3.0.9' ],
926 silly audit   '@types/lodash.isplainobject': [ '4.0.9' ],
926 silly audit   '@types/lodash.isstring': [ '4.0.9' ],
926 silly audit   '@types/lodash.once': [ '4.1.9' ],
926 silly audit   '@types/media-typer': [ '1.1.3' ],
926 silly audit   '@types/merge-descriptors': [ '1.0.3' ],
926 silly audit   '@types/merge2': [ '1.4.4' ],
926 silly audit   '@types/methods': [ '1.1.4' ],
926 silly audit   '@types/micromatch': [ '4.0.9' ],
926 silly audit   '@types/mime-db': [ '1.43.6' ],
926 silly audit   '@types/mime-types': [ '3.0.1' ],
926 silly audit   '@types/minimist': [ '1.2.5' ],
926 silly audit   '@types/ms': [ '2.1.0' ],
926 silly audit   '@types/mz': [ '2.7.9' ],
926 silly audit   '@types/negotiator': [ '0.6.4' ],
926 silly audit   '@types/node-abi': [ '3.0.3' ],
926 silly audit   '@types/normalize-path': [ '3.0.2' ],
926 silly audit   '@types/object-assign': [ '4.0.33' ],
926 silly audit   '@types/object-hash': [ '3.0.6' ],
926 silly audit   '@types/object-inspect': [ '1.13.0' ],
926 silly audit   '@types/on-finished': [ '2.3.5' ],
926 silly audit   '@types/once': [ '1.4.5' ],
926 silly audit   '@types/parseurl': [ '1.3.3' ],
926 silly audit   '@types/path-parse': [ '1.0.22' ],
926 silly audit   '@types/picomatch': [ '4.0.2' ],
926 silly audit   '@types/pkgjs__parseargs': [ '0.10.3' ],
926 silly audit   '@types/postcss-import': [ '14.0.3' ],
926 silly audit   '@types/postcss-js': [ '4.0.4' ],
926 silly audit   '@types/proxy-addr': [ '2.0.3' ],
926 silly audit   '@types/pump': [ '1.1.3' ],
926 silly audit   '@types/qs': [ '6.14.0' ],
926 silly audit   '@types/range-parser': [ '1.2.7' ],
926 silly audit   '@types/rc': [ '1.2.4' ],
926 silly audit   '@types/readable-stream': [ '4.0.21' ],
926 silly audit   '@types/resolve': [ '1.20.6' ],
926 silly audit   '@types/run-parallel': [ '1.1.2' ],
926 silly audit   '@types/safer-buffer': [ '2.1.3' ],
926 silly audit   '@types/semver': [ '7.7.1' ],
926 silly audit   '@types/send': [ '0.17.5' ],
926 silly audit   '@types/serve-static': [ '1.15.8' ],
926 silly audit   '@types/shebang-command': [ '1.2.2' ],
926 silly audit   '@types/simple-get': [ '4.0.3' ],
926 silly audit   '@types/statuses': [ '2.0.6' ],
926 silly audit   '@types/tar-fs': [ '2.0.4' ],
926 silly audit   '@types/tar-stream': [ '3.1.4' ],
926 silly audit   '@types/to-regex-range': [ '5.0.3' ],
926 silly audit   '@types/toidentifier': [ '1.0.2' ],
926 silly audit   '@types/touch': [ '3.1.5' ],
926 silly audit   '@types/type-is': [ '1.6.7' ],
926 silly audit   '@types/util-deprecate': [ '1.0.4' ],
926 silly audit   '@types/utils-merge': [ '1.0.0' ],
926 silly audit   '@types/vary': [ '1.1.3' ],
926 silly audit   '@types/which': [ '3.0.4' ],
926 silly audit   '@types/ws': [ '8.18.1' ],
926 silly audit   '@types/lodash': [ '4.17.20' ],
926 silly audit   postcss: [ '8.5.6' ],
926 silly audit   nanoid: [ '3.3.11' ],
926 silly audit   picocolors: [ '1.1.1' ],
926 silly audit   'source-map-js': [ '1.2.1' ]
926 silly audit }
927 silly tarball no local data for postcss@https://registry.npmjs.org/postcss/-/postcss-8.5.6.tgz. Extracting by manifest.
928 silly tarball no local data for source-map-js@https://registry.npmjs.org/source-map-js/-/source-map-js-1.2.1.tgz. Extracting by manifest.
929 silly tarball no local data for nanoid@https://registry.npmjs.org/nanoid/-/nanoid-3.3.11.tgz. Extracting by manifest.
930 silly tarball no local data for @types/lodash@https://registry.npmjs.org/@types/lodash/-/lodash-4.17.20.tgz. Extracting by manifest.
931 silly tarball no local data for picocolors@https://registry.npmjs.org/picocolors/-/picocolors-1.1.1.tgz. Extracting by manifest.
932 silly tarball no local data for @types/ws@https://registry.npmjs.org/@types/ws/-/ws-8.18.1.tgz. Extracting by manifest.
933 silly tarball no local data for @types/which@https://registry.npmjs.org/@types/which/-/which-3.0.4.tgz. Extracting by manifest.
934 silly tarball no local data for @types/type-is@https://registry.npmjs.org/@types/type-is/-/type-is-1.6.7.tgz. Extracting by manifest.
935 silly tarball no local data for @types/utils-merge@https://registry.npmjs.org/@types/utils-merge/-/utils-merge-1.0.0.tgz. Extracting by manifest.
936 silly tarball no local data for @types/util-deprecate@https://registry.npmjs.org/@types/util-deprecate/-/util-deprecate-1.0.4.tgz. Extracting by manifest.
937 silly tarball no local data for @types/vary@https://registry.npmjs.org/@types/vary/-/vary-1.1.3.tgz. Extracting by manifest.
938 silly tarball no local data for @types/touch@https://registry.npmjs.org/@types/touch/-/touch-3.1.5.tgz. Extracting by manifest.
939 silly tarball no local data for @types/toidentifier@https://registry.npmjs.org/@types/toidentifier/-/toidentifier-1.0.2.tgz. Extracting by manifest.
940 silly tarball no local data for @types/to-regex-range@https://registry.npmjs.org/@types/to-regex-range/-/to-regex-range-5.0.3.tgz. Extracting by manifest.
941 silly tarball no local data for @types/simple-get@https://registry.npmjs.org/@types/simple-get/-/simple-get-4.0.3.tgz. Extracting by manifest.
942 silly tarball no local data for @types/tar-stream@https://registry.npmjs.org/@types/tar-stream/-/tar-stream-3.1.4.tgz. Extracting by manifest.
943 silly tarball no local data for @types/statuses@https://registry.npmjs.org/@types/statuses/-/statuses-2.0.6.tgz. Extracting by manifest.
944 silly tarball no local data for @types/shebang-command@https://registry.npmjs.org/@types/shebang-command/-/shebang-command-1.2.2.tgz. Extracting by manifest.
945 silly tarball no local data for @types/semver@https://registry.npmjs.org/@types/semver/-/semver-7.7.1.tgz. Extracting by manifest.
946 silly tarball no local data for @types/safer-buffer@https://registry.npmjs.org/@types/safer-buffer/-/safer-buffer-2.1.3.tgz. Extracting by manifest.
947 silly tarball no local data for @types/tar-fs@https://registry.npmjs.org/@types/tar-fs/-/tar-fs-2.0.4.tgz. Extracting by manifest.
948 silly tarball no local data for @types/resolve@https://registry.npmjs.org/@types/resolve/-/resolve-1.20.6.tgz. Extracting by manifest.
949 silly tarball no local data for @types/readable-stream@https://registry.npmjs.org/@types/readable-stream/-/readable-stream-4.0.21.tgz. Extracting by manifest.
950 silly tarball no local data for @types/rc@https://registry.npmjs.org/@types/rc/-/rc-1.2.4.tgz. Extracting by manifest.
951 silly tarball no local data for @types/pump@https://registry.npmjs.org/@types/pump/-/pump-1.1.3.tgz. Extracting by manifest.
952 silly tarball no local data for @types/proxy-addr@https://registry.npmjs.org/@types/proxy-addr/-/proxy-addr-2.0.3.tgz. Extracting by manifest.
953 silly tarball no local data for @types/run-parallel@https://registry.npmjs.org/@types/run-parallel/-/run-parallel-1.1.2.tgz. Extracting by manifest.
954 silly tarball no local data for @types/picomatch@https://registry.npmjs.org/@types/picomatch/-/picomatch-4.0.2.tgz. Extracting by manifest.
955 silly tarball no local data for @types/path-parse@https://registry.npmjs.org/@types/path-parse/-/path-parse-1.0.22.tgz. Extracting by manifest.
956 silly tarball no local data for @types/postcss-js@https://registry.npmjs.org/@types/postcss-js/-/postcss-js-4.0.4.tgz. Extracting by manifest.
957 silly tarball no local data for @types/once@https://registry.npmjs.org/@types/once/-/once-1.4.5.tgz. Extracting by manifest.
958 silly tarball no local data for @types/pkgjs__parseargs@https://registry.npmjs.org/@types/pkgjs__parseargs/-/pkgjs__parseargs-0.10.3.tgz. Extracting by manifest.
959 silly tarball no local data for @types/postcss-import@https://registry.npmjs.org/@types/postcss-import/-/postcss-import-14.0.3.tgz. Extracting by manifest.
960 silly tarball no local data for @types/parseurl@https://registry.npmjs.org/@types/parseurl/-/parseurl-1.3.3.tgz. Extracting by manifest.
961 silly tarball no local data for @types/on-finished@https://registry.npmjs.org/@types/on-finished/-/on-finished-2.3.5.tgz. Extracting by manifest.
962 silly tarball no local data for @types/object-hash@https://registry.npmjs.org/@types/object-hash/-/object-hash-3.0.6.tgz. Extracting by manifest.
963 silly tarball no local data for @types/object-inspect@https://registry.npmjs.org/@types/object-inspect/-/object-inspect-1.13.0.tgz. Extracting by manifest.
964 silly tarball no local data for @types/normalize-path@https://registry.npmjs.org/@types/normalize-path/-/normalize-path-3.0.2.tgz. Extracting by manifest.
965 silly tarball no local data for @types/object-assign@https://registry.npmjs.org/@types/object-assign/-/object-assign-4.0.33.tgz. Extracting by manifest.
966 silly tarball no local data for @types/mz@https://registry.npmjs.org/@types/mz/-/mz-2.7.9.tgz. Extracting by manifest.
967 silly tarball no local data for @types/negotiator@https://registry.npmjs.org/@types/negotiator/-/negotiator-0.6.4.tgz. Extracting by manifest.
968 silly tarball no local data for @types/node-abi@https://registry.npmjs.org/@types/node-abi/-/node-abi-3.0.3.tgz. Extracting by manifest.
969 silly tarball no local data for @types/mime-db@https://registry.npmjs.org/@types/mime-db/-/mime-db-1.43.6.tgz. Extracting by manifest.
970 silly tarball no local data for @types/micromatch@https://registry.npmjs.org/@types/micromatch/-/micromatch-4.0.9.tgz. Extracting by manifest.
971 silly tarball no local data for @types/merge2@https://registry.npmjs.org/@types/merge2/-/merge2-1.4.4.tgz. Extracting by manifest.
972 silly tarball no local data for @types/minimist@https://registry.npmjs.org/@types/minimist/-/minimist-1.2.5.tgz. Extracting by manifest.
973 silly tarball no local data for @types/merge-descriptors@https://registry.npmjs.org/@types/merge-descriptors/-/merge-descriptors-1.0.3.tgz. Extracting by manifest.
974 silly tarball no local data for @types/mime-types@https://registry.npmjs.org/@types/mime-types/-/mime-types-3.0.1.tgz. Extracting by manifest.
975 silly tarball no local data for @types/lodash.once@https://registry.npmjs.org/@types/lodash.once/-/lodash.once-4.1.9.tgz. Extracting by manifest.
976 silly tarball no local data for @types/media-typer@https://registry.npmjs.org/@types/media-typer/-/media-typer-1.1.3.tgz. Extracting by manifest.
977 silly tarball no local data for @types/lodash.isstring@https://registry.npmjs.org/@types/lodash.isstring/-/lodash.isstring-4.0.9.tgz. Extracting by manifest.
978 silly tarball no local data for @types/lodash.isplainobject@https://registry.npmjs.org/@types/lodash.isplainobject/-/lodash.isplainobject-4.0.9.tgz. Extracting by manifest.
979 silly tarball no local data for @types/lodash.isnumber@https://registry.npmjs.org/@types/lodash.isnumber/-/lodash.isnumber-3.0.9.tgz. Extracting by manifest.
980 silly tarball no local data for @types/lodash.includes@https://registry.npmjs.org/@types/lodash.includes/-/lodash.includes-4.3.9.tgz. Extracting by manifest.
981 silly tarball no local data for @types/lodash.isboolean@https://registry.npmjs.org/@types/lodash.isboolean/-/lodash.isboolean-3.0.9.tgz. Extracting by manifest.
982 silly tarball no local data for @types/methods@https://registry.npmjs.org/@types/methods/-/methods-1.1.4.tgz. Extracting by manifest.
983 silly tarball no local data for @types/lodash.isinteger@https://registry.npmjs.org/@types/lodash.isinteger/-/lodash.isinteger-4.0.9.tgz. Extracting by manifest.
984 silly tarball no local data for @types/jws@https://registry.npmjs.org/@types/jws/-/jws-3.2.10.tgz. Extracting by manifest.
985 silly tarball no local data for @types/is-glob@https://registry.npmjs.org/@types/is-glob/-/is-glob-4.0.4.tgz. Extracting by manifest.
986 silly tarball no local data for @types/is-number@https://registry.npmjs.org/@types/is-number/-/is-number-7.0.5.tgz. Extracting by manifest.
987 silly tarball no local data for @types/isexe@https://registry.npmjs.org/@types/isexe/-/isexe-2.0.4.tgz. Extracting by manifest.
988 silly tarball no local data for @types/ini@https://registry.npmjs.org/@types/ini/-/ini-4.1.1.tgz. Extracting by manifest.
989 silly tarball no local data for @types/is-core-module@https://registry.npmjs.org/@types/is-core-module/-/is-core-module-2.2.2.tgz. Extracting by manifest.
990 silly tarball no local data for @types/is-extglob@https://registry.npmjs.org/@types/is-extglob/-/is-extglob-2.1.0.tgz. Extracting by manifest.
991 silly tarball no local data for @types/inherits@https://registry.npmjs.org/@types/inherits/-/inherits-2.0.0.tgz. Extracting by manifest.
992 silly tarball no local data for @types/jwa@https://registry.npmjs.org/@types/jwa/-/jwa-2.0.3.tgz. Extracting by manifest.
993 silly tarball no local data for @types/github-from-package@https://registry.npmjs.org/@types/github-from-package/-/github-from-package-0.0.0.tgz. Extracting by manifest.
994 silly tarball no local data for @types/gopd@https://registry.npmjs.org/@types/gopd/-/gopd-1.0.3.tgz. Extracting by manifest.
995 silly tarball no local data for @types/ignore-by-default@https://registry.npmjs.org/@types/ignore-by-default/-/ignore-by-default-0.0.0.tgz. Extracting by manifest.
996 silly tarball no local data for @types/glob-parent@https://registry.npmjs.org/@types/glob-parent/-/glob-parent-5.1.3.tgz. Extracting by manifest.
997 silly tarball no local data for @types/get-intrinsic@https://registry.npmjs.org/@types/get-intrinsic/-/get-intrinsic-1.2.3.tgz. Extracting by manifest.
998 silly tarball no local data for @types/forwarded@https://registry.npmjs.org/@types/forwarded/-/forwarded-0.1.4.tgz. Extracting by manifest.
999 silly tarball no local data for @types/fresh@https://registry.npmjs.org/@types/fresh/-/fresh-0.5.3.tgz. Extracting by manifest.
1000 silly tarball no local data for @types/function-bind@https://registry.npmjs.org/@types/function-bind/-/function-bind-1.1.10.tgz. Extracting by manifest.
1001 silly tarball no local data for @types/finalhandler@https://registry.npmjs.org/@types/finalhandler/-/finalhandler-1.2.4.tgz. Extracting by manifest.
1002 silly tarball no local data for @types/etag@https://registry.npmjs.org/@types/etag/-/etag-1.8.4.tgz. Extracting by manifest.
1003 silly tarball no local data for @types/fill-range@https://registry.npmjs.org/@types/fill-range/-/fill-range-7.0.3.tgz. Extracting by manifest.
1004 silly tarball no local data for @types/escape-html@https://registry.npmjs.org/@types/escape-html/-/escape-html-1.0.4.tgz. Extracting by manifest.
1005 silly tarball no local data for @types/ee-first@https://registry.npmjs.org/@types/ee-first/-/ee-first-1.1.3.tgz. Extracting by manifest.
1006 silly tarball no local data for @types/end-of-stream@https://registry.npmjs.org/@types/end-of-stream/-/end-of-stream-1.4.4.tgz. Extracting by manifest.
1007 silly tarball no local data for @types/dlv@https://registry.npmjs.org/@types/dlv/-/dlv-1.1.5.tgz. Extracting by manifest.
1008 silly tarball no local data for @types/destroy@https://registry.npmjs.org/@types/destroy/-/destroy-1.0.3.tgz. Extracting by manifest.
1009 silly tarball no local data for @types/depd@https://registry.npmjs.org/@types/depd/-/depd-1.1.37.tgz. Extracting by manifest.
1010 silly tarball no local data for @types/didyoumean@https://registry.npmjs.org/@types/didyoumean/-/didyoumean-1.2.3.tgz. Extracting by manifest.
1011 silly tarball no local data for @types/encodeurl@https://registry.npmjs.org/@types/encodeurl/-/encodeurl-1.0.3.tgz. Extracting by manifest.
1012 silly tarball no local data for @types/deep-extend@https://registry.npmjs.org/@types/deep-extend/-/deep-extend-0.6.2.tgz. Extracting by manifest.
1013 silly tarball no local data for @types/cross-spawn@https://registry.npmjs.org/@types/cross-spawn/-/cross-spawn-6.0.6.tgz. Extracting by manifest.
1014 silly tarball no local data for @types/cssesc@https://registry.npmjs.org/@types/cssesc/-/cssesc-3.0.2.tgz. Extracting by manifest.
1015 silly tarball no local data for @types/content-type@https://registry.npmjs.org/@types/content-type/-/content-type-1.1.9.tgz. Extracting by manifest.
1016 silly tarball no local data for @types/debug@https://registry.npmjs.org/@types/debug/-/debug-4.1.12.tgz. Extracting by manifest.
1017 silly tarball no local data for @types/cookie-signature@https://registry.npmjs.org/@types/cookie-signature/-/cookie-signature-1.1.2.tgz. Extracting by manifest.
1018 silly tarball no local data for @types/color-convert@https://registry.npmjs.org/@types/color-convert/-/color-convert-2.0.4.tgz. Extracting by manifest.
1019 silly tarball no local data for @types/concat-map@https://registry.npmjs.org/@types/concat-map/-/concat-map-0.0.3.tgz. Extracting by manifest.
1020 silly tarball no local data for @types/camelcase-css@https://registry.npmjs.org/@types/camelcase-css/-/camelcase-css-2.0.2.tgz. Extracting by manifest.
1021 silly tarball no local data for @types/color-name@https://registry.npmjs.org/@types/color-name/-/color-name-2.0.0.tgz. Extracting by manifest.
1022 silly tarball no local data for @types/chownr@https://registry.npmjs.org/@types/chownr/-/chownr-1.0.3.tgz. Extracting by manifest.
1023 silly tarball no local data for @types/braces@https://registry.npmjs.org/@types/braces/-/braces-3.0.5.tgz. Extracting by manifest.
1024 silly tarball no local data for @types/bindings@https://registry.npmjs.org/@types/bindings/-/bindings-1.5.5.tgz. Extracting by manifest.
1025 silly tarball no local data for @types/bytes@https://registry.npmjs.org/@types/bytes/-/bytes-3.1.5.tgz. Extracting by manifest.
1026 silly tarball no local data for @types/base64id@https://registry.npmjs.org/@types/base64id/-/base64id-2.0.2.tgz. Extracting by manifest.
1027 silly tarball no local data for @types/content-disposition@https://registry.npmjs.org/@types/content-disposition/-/content-disposition-0.5.9.tgz. Extracting by manifest.
1028 silly tarball no local data for @types/brace-expansion@https://registry.npmjs.org/@types/brace-expansion/-/brace-expansion-1.1.2.tgz. Extracting by manifest.
1029 silly tarball no local data for @types/accepts@https://registry.npmjs.org/@types/accepts/-/accepts-1.3.7.tgz. Extracting by manifest.
1030 silly tarball no local data for @types/balanced-match@https://registry.npmjs.org/@types/balanced-match/-/balanced-match-3.0.2.tgz. Extracting by manifest.
1031 silly tarball no local data for @types/color-name@https://registry.npmjs.org/@types/color-name/-/color-name-1.1.5.tgz. Extracting by manifest.
1032 http fetch POST 200 https://registry.npmjs.org/-/npm/v1/security/advisories/bulk 259ms
1033 silly audit report {}
1034 http fetch GET 200 https://registry.npmjs.org/@types/which/-/which-3.0.4.tgz 262ms (cache miss)
1035 http fetch GET 200 https://registry.npmjs.org/@types/utils-merge/-/utils-merge-1.0.0.tgz 261ms (cache miss)
1036 http fetch GET 200 https://registry.npmjs.org/@types/type-is/-/type-is-1.6.7.tgz 265ms (cache miss)
1037 http fetch GET 200 https://registry.npmjs.org/picocolors/-/picocolors-1.1.1.tgz 269ms (cache miss)
1038 http fetch GET 200 https://registry.npmjs.org/nanoid/-/nanoid-3.3.11.tgz 273ms (cache miss)
1039 http fetch GET 200 https://registry.npmjs.org/@types/util-deprecate/-/util-deprecate-1.0.4.tgz 268ms (cache miss)
1040 http fetch GET 200 https://registry.npmjs.org/@types/toidentifier/-/toidentifier-1.0.2.tgz 266ms (cache miss)
1041 http fetch GET 200 https://registry.npmjs.org/@types/ws/-/ws-8.18.1.tgz 278ms (cache miss)
1042 http fetch GET 200 https://registry.npmjs.org/@types/shebang-command/-/shebang-command-1.2.2.tgz 278ms (cache miss)
1043 http fetch GET 200 https://registry.npmjs.org/@types/resolve/-/resolve-1.20.6.tgz 278ms (cache miss)
1044 http fetch GET 200 https://registry.npmjs.org/@types/statuses/-/statuses-2.0.6.tgz 282ms (cache miss)
1045 http fetch GET 200 https://registry.npmjs.org/@types/safer-buffer/-/safer-buffer-2.1.3.tgz 282ms (cache miss)
1046 http fetch GET 200 https://registry.npmjs.org/@types/semver/-/semver-7.7.1.tgz 284ms (cache miss)
1047 http fetch GET 200 https://registry.npmjs.org/@types/proxy-addr/-/proxy-addr-2.0.3.tgz 284ms (cache miss)
1048 http fetch GET 200 https://registry.npmjs.org/@types/tar-stream/-/tar-stream-3.1.4.tgz 294ms (cache miss)
1049 http fetch GET 200 https://registry.npmjs.org/@types/tar-fs/-/tar-fs-2.0.4.tgz 294ms (cache miss)
1050 http fetch GET 200 https://registry.npmjs.org/@types/readable-stream/-/readable-stream-4.0.21.tgz 293ms (cache miss)
1051 http fetch GET 200 https://registry.npmjs.org/source-map-js/-/source-map-js-1.2.1.tgz 317ms (cache miss)
1052 http fetch GET 200 https://registry.npmjs.org/@types/run-parallel/-/run-parallel-1.1.2.tgz 293ms (cache miss)
1053 http fetch GET 200 https://registry.npmjs.org/@types/path-parse/-/path-parse-1.0.22.tgz 293ms (cache miss)
1054 http fetch GET 200 https://registry.npmjs.org/@types/pump/-/pump-1.1.3.tgz 296ms (cache miss)
1055 http fetch GET 200 https://registry.npmjs.org/@types/picomatch/-/picomatch-4.0.2.tgz 304ms (cache miss)
1056 http fetch GET 200 https://registry.npmjs.org/@types/once/-/once-1.4.5.tgz 304ms (cache miss)
1057 http fetch GET 200 https://registry.npmjs.org/@types/parseurl/-/parseurl-1.3.3.tgz 309ms (cache miss)
1058 http fetch GET 200 https://registry.npmjs.org/@types/on-finished/-/on-finished-2.3.5.tgz 314ms (cache miss)
1059 http fetch GET 200 https://registry.npmjs.org/@types/object-inspect/-/object-inspect-1.13.0.tgz 315ms (cache miss)
1060 http fetch GET 200 https://registry.npmjs.org/@types/object-hash/-/object-hash-3.0.6.tgz 318ms (cache miss)
1061 http fetch GET 200 https://registry.npmjs.org/@types/pkgjs__parseargs/-/pkgjs__parseargs-0.10.3.tgz 323ms (cache miss)
1062 http fetch GET 200 https://registry.npmjs.org/@types/normalize-path/-/normalize-path-3.0.2.tgz 321ms (cache miss)
1063 http fetch GET 200 https://registry.npmjs.org/@types/object-assign/-/object-assign-4.0.33.tgz 325ms (cache miss)
1064 http fetch GET 200 https://registry.npmjs.org/@types/negotiator/-/negotiator-0.6.4.tgz 327ms (cache miss)
1065 http fetch GET 200 https://registry.npmjs.org/@types/mime-db/-/mime-db-1.43.6.tgz 332ms (cache miss)
1066 http fetch GET 200 https://registry.npmjs.org/postcss/-/postcss-8.5.6.tgz 376ms (cache miss)
1067 http fetch GET 200 https://registry.npmjs.org/@types/micromatch/-/micromatch-4.0.9.tgz 340ms (cache miss)
1068 http fetch GET 200 https://registry.npmjs.org/@types/minimist/-/minimist-1.2.5.tgz 340ms (cache miss)
1069 http fetch GET 200 https://registry.npmjs.org/@types/merge2/-/merge2-1.4.4.tgz 341ms (cache miss)
1070 http fetch GET 200 https://registry.npmjs.org/@types/merge-descriptors/-/merge-descriptors-1.0.3.tgz 346ms (cache miss)
1071 http fetch GET 200 https://registry.npmjs.org/@types/to-regex-range/-/to-regex-range-5.0.3.tgz 386ms (cache miss)
1072 http fetch GET 200 https://registry.npmjs.org/@types/touch/-/touch-3.1.5.tgz 414ms (cache miss)
1073 http fetch GET 200 https://registry.npmjs.org/@types/media-typer/-/media-typer-1.1.3.tgz 378ms (cache miss)
1074 http fetch GET 200 https://registry.npmjs.org/@types/lodash.once/-/lodash.once-4.1.9.tgz 386ms (cache miss)
1075 http fetch GET 200 https://registry.npmjs.org/@types/mime-types/-/mime-types-3.0.1.tgz 388ms (cache miss)
1076 http fetch GET 200 https://registry.npmjs.org/@types/lodash.isplainobject/-/lodash.isplainobject-4.0.9.tgz 379ms (cache miss)
1077 http fetch GET 200 https://registry.npmjs.org/@types/lodash.isstring/-/lodash.isstring-4.0.9.tgz 396ms (cache miss)
1078 http fetch GET 200 https://registry.npmjs.org/@types/methods/-/methods-1.1.4.tgz 396ms (cache miss)
1079 http fetch GET 200 https://registry.npmjs.org/@types/is-glob/-/is-glob-4.0.4.tgz 417ms (cache miss)
1080 http fetch GET 200 https://registry.npmjs.org/@types/lodash.isboolean/-/lodash.isboolean-3.0.9.tgz 429ms (cache miss)
1081 http fetch GET 200 https://registry.npmjs.org/@types/is-number/-/is-number-7.0.5.tgz 424ms (cache miss)
1082 http fetch GET 200 https://registry.npmjs.org/@types/vary/-/vary-1.1.3.tgz 484ms (cache miss)
1083 http fetch GET 200 https://registry.npmjs.org/@types/lodash.isinteger/-/lodash.isinteger-4.0.9.tgz 433ms (cache miss)
1084 http fetch GET 200 https://registry.npmjs.org/@types/jws/-/jws-3.2.10.tgz 439ms (cache miss)
1085 http fetch GET 200 https://registry.npmjs.org/@types/rc/-/rc-1.2.4.tgz 494ms (cache miss)
1086 http fetch GET 200 https://registry.npmjs.org/@types/is-core-module/-/is-core-module-2.2.2.tgz 461ms (cache miss)
1087 http fetch GET 200 https://registry.npmjs.org/@types/isexe/-/isexe-2.0.4.tgz 463ms (cache miss)
1088 http fetch GET 200 https://registry.npmjs.org/@types/is-extglob/-/is-extglob-2.1.0.tgz 460ms (cache miss)
1089 http fetch GET 200 https://registry.npmjs.org/@types/mz/-/mz-2.7.9.tgz 497ms (cache miss)
1090 http fetch GET 200 https://registry.npmjs.org/@types/inherits/-/inherits-2.0.0.tgz 460ms (cache miss)
1091 http fetch GET 200 https://registry.npmjs.org/@types/simple-get/-/simple-get-4.0.3.tgz 520ms (cache miss)
1092 http fetch GET 200 https://registry.npmjs.org/@types/gopd/-/gopd-1.0.3.tgz 465ms (cache miss)
1093 http fetch GET 200 https://registry.npmjs.org/@types/glob-parent/-/glob-parent-5.1.3.tgz 472ms (cache miss)
1094 http fetch GET 200 https://registry.npmjs.org/@types/ini/-/ini-4.1.1.tgz 482ms (cache miss)
1095 http fetch GET 200 https://registry.npmjs.org/@types/jwa/-/jwa-2.0.3.tgz 485ms (cache miss)
1096 http fetch GET 200 https://registry.npmjs.org/@types/forwarded/-/forwarded-0.1.4.tgz 509ms (cache miss)
1097 http fetch GET 200 https://registry.npmjs.org/@types/get-intrinsic/-/get-intrinsic-1.2.3.tgz 510ms (cache miss)
1098 http fetch GET 200 https://registry.npmjs.org/@types/postcss-js/-/postcss-js-4.0.4.tgz 562ms (cache miss)
1099 http fetch GET 200 https://registry.npmjs.org/@types/postcss-import/-/postcss-import-14.0.3.tgz 561ms (cache miss)
1100 http fetch GET 200 https://registry.npmjs.org/@types/fresh/-/fresh-0.5.3.tgz 510ms (cache miss)
1101 http fetch GET 200 https://registry.npmjs.org/@types/function-bind/-/function-bind-1.1.10.tgz 513ms (cache miss)
1102 http fetch GET 200 https://registry.npmjs.org/@types/finalhandler/-/finalhandler-1.2.4.tgz 512ms (cache miss)
1103 http fetch GET 200 https://registry.npmjs.org/@types/fill-range/-/fill-range-7.0.3.tgz 516ms (cache miss)
1104 http fetch GET 200 https://registry.npmjs.org/@types/ee-first/-/ee-first-1.1.3.tgz 516ms (cache miss)
1105 http fetch GET 200 https://registry.npmjs.org/@types/etag/-/etag-1.8.4.tgz 526ms (cache miss)
1106 http fetch GET 200 https://registry.npmjs.org/@types/node-abi/-/node-abi-3.0.3.tgz 579ms (cache miss)
1107 http fetch GET 200 https://registry.npmjs.org/@types/destroy/-/destroy-1.0.3.tgz 534ms (cache miss)
1108 http fetch GET 200 https://registry.npmjs.org/@types/escape-html/-/escape-html-1.0.4.tgz 542ms (cache miss)
1109 http fetch GET 200 https://registry.npmjs.org/@types/depd/-/depd-1.1.37.tgz 534ms (cache miss)
1110 http fetch GET 200 https://registry.npmjs.org/@types/encodeurl/-/encodeurl-1.0.3.tgz 534ms (cache miss)
1111 http fetch GET 200 https://registry.npmjs.org/@types/cross-spawn/-/cross-spawn-6.0.6.tgz 534ms (cache miss)
1112 http fetch GET 200 https://registry.npmjs.org/@types/cookie-signature/-/cookie-signature-1.1.2.tgz 575ms (cache miss)
1113 http fetch GET 200 https://registry.npmjs.org/@types/content-type/-/content-type-1.1.9.tgz 581ms (cache miss)
1114 http fetch GET 200 https://registry.npmjs.org/@types/debug/-/debug-4.1.12.tgz 581ms (cache miss)
1115 http fetch GET 200 https://registry.npmjs.org/@types/color-convert/-/color-convert-2.0.4.tgz 579ms (cache miss)
1116 http fetch GET 200 https://registry.npmjs.org/@types/concat-map/-/concat-map-0.0.3.tgz 583ms (cache miss)
1117 http fetch GET 200 https://registry.npmjs.org/@types/lodash.isnumber/-/lodash.isnumber-3.0.9.tgz 636ms (cache miss)
1118 http fetch GET 200 https://registry.npmjs.org/@types/cssesc/-/cssesc-3.0.2.tgz 588ms (cache miss)
1119 http fetch GET 200 https://registry.npmjs.org/@types/braces/-/braces-3.0.5.tgz 586ms (cache miss)
1120 http fetch GET 200 https://registry.npmjs.org/@types/lodash/-/lodash-4.17.20.tgz 697ms (cache miss)
1121 http fetch GET 200 https://registry.npmjs.org/@types/bytes/-/bytes-3.1.5.tgz 594ms (cache miss)
1122 http fetch GET 200 https://registry.npmjs.org/@types/content-disposition/-/content-disposition-0.5.9.tgz 664ms (cache miss)
1123 http fetch GET 200 https://registry.npmjs.org/@types/lodash.includes/-/lodash.includes-4.3.9.tgz 731ms (cache miss)
1124 http fetch GET 200 https://registry.npmjs.org/@types/color-name/-/color-name-1.1.5.tgz 659ms (cache miss)
1125 http fetch GET 200 https://registry.npmjs.org/@types/bindings/-/bindings-1.5.5.tgz 679ms (cache miss)
1126 http fetch GET 200 https://registry.npmjs.org/@types/accepts/-/accepts-1.3.7.tgz 666ms (cache miss)
1127 http fetch GET 200 https://registry.npmjs.org/@types/brace-expansion/-/brace-expansion-1.1.2.tgz 676ms (cache miss)
1128 http fetch GET 200 https://registry.npmjs.org/@types/color-name/-/color-name-2.0.0.tgz 682ms (cache miss)
1129 http fetch GET 200 https://registry.npmjs.org/@types/balanced-match/-/balanced-match-3.0.2.tgz 665ms (cache miss)
1130 http fetch GET 200 https://registry.npmjs.org/@types/ignore-by-default/-/ignore-by-default-0.0.0.tgz 722ms (cache miss)
1131 http fetch GET 200 https://registry.npmjs.org/@types/github-from-package/-/github-from-package-0.0.0.tgz 803ms (cache miss)
1132 http fetch GET 200 https://registry.npmjs.org/@types/end-of-stream/-/end-of-stream-1.4.4.tgz 801ms (cache miss)
1133 http fetch GET 200 https://registry.npmjs.org/@types/dlv/-/dlv-1.1.5.tgz 824ms (cache miss)
1134 http fetch GET 200 https://registry.npmjs.org/@types/didyoumean/-/didyoumean-1.2.3.tgz 827ms (cache miss)
1135 http fetch GET 200 https://registry.npmjs.org/@types/deep-extend/-/deep-extend-0.6.2.tgz 834ms (cache miss)
1136 http fetch GET 200 https://registry.npmjs.org/@types/camelcase-css/-/camelcase-css-2.0.2.tgz 833ms (cache miss)
1137 http fetch GET 200 https://registry.npmjs.org/@types/base64id/-/base64id-2.0.2.tgz 834ms (cache miss)
1138 http fetch GET 200 https://registry.npmjs.org/@types/chownr/-/chownr-1.0.3.tgz 868ms (cache miss)
1139 silly ADD node_modules/source-map-js
1140 silly ADD node_modules/picocolors
1141 silly ADD node_modules/nanoid
1142 silly ADD node_modules/postcss
1143 silly ADD node_modules/@types/lodash
1144 silly ADD node_modules/@types/ws
1145 silly ADD node_modules/@types/which
1146 silly ADD node_modules/@types/vary
1147 silly ADD node_modules/@types/utils-merge
1148 silly ADD node_modules/@types/util-deprecate
1149 silly ADD node_modules/@types/type-is
1150 silly ADD node_modules/@types/touch
1151 silly ADD node_modules/@types/toidentifier
1152 silly ADD node_modules/@types/to-regex-range
1153 silly ADD node_modules/@types/tar-stream
1154 silly ADD node_modules/@types/tar-fs
1155 silly ADD node_modules/@types/statuses
1156 silly ADD node_modules/@types/simple-get
1157 silly ADD node_modules/@types/shebang-command
1158 silly ADD node_modules/@types/semver
1159 silly ADD node_modules/@types/safer-buffer
1160 silly ADD node_modules/@types/run-parallel
1161 silly ADD node_modules/@types/resolve
1162 silly ADD node_modules/@types/readable-stream
1163 silly ADD node_modules/@types/rc
1164 silly ADD node_modules/@types/pump
1165 silly ADD node_modules/@types/proxy-addr
1166 silly ADD node_modules/@types/postcss-js
1167 silly ADD node_modules/@types/postcss-import
1168 silly ADD node_modules/@types/pkgjs__parseargs
1169 silly ADD node_modules/@types/picomatch
1170 silly ADD node_modules/@types/path-parse
1171 silly ADD node_modules/@types/parseurl
1172 silly ADD node_modules/@types/once
1173 silly ADD node_modules/@types/on-finished
1174 silly ADD node_modules/@types/object-inspect
1175 silly ADD node_modules/@types/object-hash
1176 silly ADD node_modules/@types/object-assign
1177 silly ADD node_modules/@types/normalize-path
1178 silly ADD node_modules/@types/node-abi
1179 silly ADD node_modules/@types/negotiator
1180 silly ADD node_modules/@types/mz
1181 silly ADD node_modules/@types/minimist
1182 silly ADD node_modules/@types/mime-types
1183 silly ADD node_modules/@types/mime-db
1184 silly ADD node_modules/@types/micromatch
1185 silly ADD node_modules/@types/methods
1186 silly ADD node_modules/@types/merge2
1187 silly ADD node_modules/@types/merge-descriptors
1188 silly ADD node_modules/@types/media-typer
1189 silly ADD node_modules/@types/lodash.once
1190 silly ADD node_modules/@types/lodash.isstring
1191 silly ADD node_modules/@types/lodash.isplainobject
1192 silly ADD node_modules/@types/lodash.isnumber
1193 silly ADD node_modules/@types/lodash.isinteger
1194 silly ADD node_modules/@types/lodash.isboolean
1195 silly ADD node_modules/@types/lodash.includes
1196 silly ADD node_modules/@types/jws
1197 silly ADD node_modules/@types/jwa
1198 silly ADD node_modules/@types/isexe
1199 silly ADD node_modules/@types/is-number
1200 silly ADD node_modules/@types/is-glob
1201 silly ADD node_modules/@types/is-extglob
1202 silly ADD node_modules/@types/is-core-module
1203 silly ADD node_modules/@types/ini
1204 silly ADD node_modules/@types/inherits
1205 silly ADD node_modules/@types/ignore-by-default
1206 silly ADD node_modules/@types/gopd
1207 silly ADD node_modules/@types/glob-parent
1208 silly ADD node_modules/@types/github-from-package
1209 silly ADD node_modules/@types/get-intrinsic
1210 silly ADD node_modules/@types/function-bind
1211 silly ADD node_modules/@types/fresh
1212 silly ADD node_modules/@types/forwarded
1213 silly ADD node_modules/@types/finalhandler
1214 silly ADD node_modules/@types/fill-range
1215 silly ADD node_modules/@types/etag
1216 silly ADD node_modules/@types/escape-html
1217 silly ADD node_modules/@types/end-of-stream
1218 silly ADD node_modules/@types/encodeurl
1219 silly ADD node_modules/@types/ee-first
1220 silly ADD node_modules/@types/dlv
1221 silly ADD node_modules/@types/didyoumean
1222 silly ADD node_modules/@types/destroy
1223 silly ADD node_modules/@types/depd
1224 silly ADD node_modules/@types/deep-extend
1225 silly ADD node_modules/@types/debug
1226 silly ADD node_modules/@types/cssesc
1227 silly ADD node_modules/@types/cross-spawn
1228 silly ADD node_modules/@types/cookie-signature
1229 silly ADD node_modules/@types/content-type
1230 silly ADD node_modules/@types/content-disposition
1231 silly ADD node_modules/@types/concat-map
1232 silly ADD node_modules/@types/color-name
1233 silly ADD node_modules/@types/color-convert
1234 silly ADD node_modules/@types/color-convert/node_modules/@types/color-name
1235 silly ADD node_modules/@types/chownr
1236 silly ADD node_modules/@types/camelcase-css
1237 silly ADD node_modules/@types/bytes
1238 silly ADD node_modules/@types/braces
1239 silly ADD node_modules/@types/brace-expansion
1240 silly ADD node_modules/@types/bindings
1241 silly ADD node_modules/@types/base64id
1242 silly ADD node_modules/@types/balanced-match
1243 silly ADD node_modules/@types/accepts
1244 verbose cwd /Users/macbook/Library/Caches/typescript/5.9
1245 verbose os Darwin 24.6.0
1246 verbose node v20.13.1
1247 verbose npm  v10.8.1
1248 verbose exit 0
1249 info ok
